Date,Singapore Dollar to Chinese Yuan
Sunday 27 May 2018,4.7499
Saturday 26 May 2018,4.762
Friday 25 May 2018,4.761
Thursday 24 May 2018,4.7618
Wednesday 23 May 2018,4.7553
Tuesday 22 May 2018,4.7554
Monday 21 May 2018,4.7657
Sunday 20 May 2018,4.7544
Saturday 19 May 2018,4.75
Friday 18 May 2018,4.7497
Thursday 17 May 2018,4.7426
Wednesday 16 May 2018,4.7558
Tuesday 15 May 2018,4.741
Monday 14 May 2018,4.744
Sunday 13 May 2018,4.7547
Saturday 12 May 2018,4.7399
Friday 11 May 2018,4.733
Thursday 10 May 2018,4.7472
Wednesday 9 May 2018,4.7256
Tuesday 8 May 2018,4.7523
Monday 7 May 2018,4.7662
Sunday 6 May 2018,4.7669
Saturday 5 May 2018,4.7666
Friday 4 May 2018,4.7668
Thursday 3 May 2018,4.7743
Wednesday 2 May 2018,4.7634
Tuesday 1 May 2018,4.7579
Monday 30 April 2018,4.7764
Sunday 29 April 2018,4.7864
Saturday 28 April 2018,4.7842
Friday 27 April 2018,4.7842
Thursday 26 April 2018,4.7728
Wednesday 25 April 2018,4.7621
Tuesday 24 April 2018,4.7688
Monday 23 April 2018,4.768
Sunday 22 April 2018,4.7857
Saturday 21 April 2018,4.7814
Friday 20 April 2018,4.7825
Thursday 19 April 2018,4.7867
Wednesday 18 April 2018,4.7904
Tuesday 17 April 2018,4.7908
Monday 16 April 2018,4.7901
Sunday 15 April 2018,4.7819
Saturday 14 April 2018,4.7832
Friday 13 April 2018,4.7832
Thursday 12 April 2018,4.7924
Wednesday 11 April 2018,4.7868
Tuesday 10 April 2018,4.7985
Monday 9 April 2018,4.8095
Sunday 8 April 2018,4.7923
Saturday 7 April 2018,4.7905
Friday 6 April 2018,4.7909
Thursday 5 April 2018,4.7914
Wednesday 4 April 2018,4.8062
Tuesday 3 April 2018,4.796
Monday 2 April 2018,4.7817
Sunday 1 April 2018,4.7916
Saturday 31 March 2018,4.7976
Friday 30 March 2018,4.797
Thursday 29 March 2018,4.7962
Wednesday 28 March 2018,4.7975
Tuesday 27 March 2018,4.7949
Monday 26 March 2018,4.7915
Sunday 25 March 2018,4.8048
Saturday 24 March 2018,4.7988
Friday 23 March 2018,4.7975
Thursday 22 March 2018,4.8135
Wednesday 21 March 2018,4.8175
Tuesday 20 March 2018,4.8017
Monday 19 March 2018,4.8103
Sunday 18 March 2018,4.8099
Saturday 17 March 2018,4.8053
Friday 16 March 2018,4.8053
Thursday 15 March 2018,4.8102
Wednesday 14 March 2018,4.8265
Tuesday 13 March 2018,4.8191
Monday 12 March 2018,4.8234
Sunday 11 March 2018,4.8097
Saturday 10 March 2018,4.8089
Friday 9 March 2018,4.8089
Thursday 8 March 2018,4.8135
Wednesday 7 March 2018,4.8129
Tuesday 6 March 2018,4.7861
Monday 5 March 2018,4.8167
Sunday 4 March 2018,4.8112
Saturday 3 March 2018,4.8107
Friday 2 March 2018,4.8103
Thursday 1 March 2018,4.8099
Wednesday 28 February 2018,4.7767
Tuesday 27 February 2018,4.7722
Monday 26 February 2018,4.7976
Sunday 25 February 2018,4.8143
Saturday 24 February 2018,4.8006
Friday 23 February 2018,4.7999
Thursday 22 February 2018,4.8139
Wednesday 21 February 2018,4.7942
Tuesday 20 February 2018,4.8098
Monday 19 February 2018,4.8296
Sunday 18 February 2018,4.8345
Saturday 17 February 2018,4.8374
Friday 16 February 2018,4.838
Thursday 15 February 2018,4.852
Wednesday 14 February 2018,4.8319
Tuesday 13 February 2018,4.7927
Monday 12 February 2018,4.7828
Sunday 11 February 2018,4.7333
Saturday 10 February 2018,4.7309
Friday 9 February 2018,4.7356
Thursday 8 February 2018,4.7537
Wednesday 7 February 2018,4.7306
Tuesday 6 February 2018,4.765
Monday 5 February 2018,4.7582
Sunday 4 February 2018,4.7749
Saturday 3 February 2018,4.7777
Friday 2 February 2018,4.777
Thursday 1 February 2018,4.8153
Wednesday 31 January 2018,4.793
Tuesday 30 January 2018,4.8208
Monday 29 January 2018,4.8369
Sunday 28 January 2018,4.8341
Saturday 27 January 2018,4.8307
Friday 26 January 2018,4.8307
Thursday 25 January 2018,4.8226
Wednesday 24 January 2018,4.8679
Tuesday 23 January 2018,4.8645
Monday 22 January 2018,4.8533
Sunday 21 January 2018,4.8373
Saturday 20 January 2018,4.8508
Friday 19 January 2018,4.8512
Thursday 18 January 2018,4.8634
Wednesday 17 January 2018,4.8511
Tuesday 16 January 2018,4.882
Monday 15 January 2018,4.8697
Sunday 14 January 2018,4.8718
Saturday 13 January 2018,4.8764
Friday 12 January 2018,4.8683
Thursday 11 January 2018,4.8841
Wednesday 10 January 2018,4.8783
Tuesday 9 January 2018,4.8859
Monday 8 January 2018,4.8778
Sunday 7 January 2018,4.9015
Saturday 6 January 2018,4.8908
Friday 5 January 2018,4.8908
Thursday 4 January 2018,4.8916
Wednesday 3 January 2018,4.8909
Tuesday 2 January 2018,4.887
Monday 1 January 2018,4.8752
Sunday 31 December 2017,4.8789
Saturday 30 December 2017,4.8632
Friday 29 December 2017,4.8625
Thursday 28 December 2017,4.8826
Wednesday 27 December 2017,4.8918
Tuesday 26 December 2017,4.8724
Monday 25 December 2017,4.8887
Sunday 24 December 2017,4.8956
Saturday 23 December 2017,4.8949
Friday 22 December 2017,4.8921
Thursday 21 December 2017,4.8988
Wednesday 20 December 2017,4.8974
Tuesday 19 December 2017,4.9038
Monday 18 December 2017,4.9073
Sunday 17 December 2017,4.9016
Saturday 16 December 2017,4.9026
Friday 15 December 2017,4.9026
Thursday 14 December 2017,4.9092
Wednesday 13 December 2017,4.9116
Tuesday 12 December 2017,4.8953
Monday 11 December 2017,4.8987
Sunday 10 December 2017,4.8927
Saturday 9 December 2017,4.8915
Friday 8 December 2017,4.8925
Thursday 7 December 2017,4.897
Wednesday 6 December 2017,4.9037
Tuesday 5 December 2017,4.9139
Monday 4 December 2017,4.9122
Sunday 3 December 2017,4.9171
Saturday 2 December 2017,4.9129
Friday 1 December 2017,4.9115
Thursday 30 November 2017,4.9037
Wednesday 29 November 2017,4.9062
Tuesday 28 November 2017,4.9101
Monday 27 November 2017,4.8981
Sunday 26 November 2017,4.8559
Saturday 25 November 2017,4.9079
Friday 24 November 2017,4.9067
Thursday 23 November 2017,4.8935
Wednesday 22 November 2017,4.9067
Tuesday 21 November 2017,4.8955
Monday 20 November 2017,4.8889
Sunday 19 November 2017,4.9052
Saturday 18 November 2017,4.8863
Friday 17 November 2017,4.8871
Thursday 16 November 2017,4.8879
Wednesday 15 November 2017,4.8808
Tuesday 14 November 2017,4.8827
Monday 13 November 2017,4.8759
Sunday 12 November 2017,4.8807
Saturday 11 November 2017,4.8807
Friday 10 November 2017,4.8807
Thursday 9 November 2017,4.8869
Wednesday 8 November 2017,4.8658
Tuesday 7 November 2017,4.8716
Monday 6 November 2017,4.8698
Sunday 5 November 2017,4.865
Saturday 4 November 2017,4.8639
Friday 3 November 2017,4.8639
Thursday 2 November 2017,4.8628
Wednesday 1 November 2017,4.8526
Tuesday 31 October 2017,4.87
Monday 30 October 2017,4.8853
Sunday 29 October 2017,4.8698
Saturday 28 October 2017,4.873
Friday 27 October 2017,4.873
Thursday 26 October 2017,4.856
Wednesday 25 October 2017,4.8815
Tuesday 24 October 2017,4.8705
Monday 23 October 2017,4.8772
Sunday 22 October 2017,4.8616
Saturday 21 October 2017,4.8634
Friday 20 October 2017,4.8634
Thursday 19 October 2017,4.8754
Wednesday 18 October 2017,4.8838
Tuesday 17 October 2017,4.8869
Monday 16 October 2017,4.8733
Sunday 15 October 2017,4.8734
Saturday 14 October 2017,4.8768
Friday 13 October 2017,4.8768
Thursday 12 October 2017,4.8719
Wednesday 11 October 2017,4.8681
Tuesday 10 October 2017,4.8452
Monday 9 October 2017,4.8594
Sunday 8 October 2017,4.875
Saturday 7 October 2017,4.8765
Friday 6 October 2017,4.8765
Thursday 5 October 2017,4.8766
Wednesday 4 October 2017,4.8877
Tuesday 3 October 2017,4.8854
Monday 2 October 2017,4.8879
Sunday 1 October 2017,4.9016
Saturday 30 September 2017,4.9009
Friday 29 September 2017,4.9009
Thursday 28 September 2017,4.9066
Wednesday 27 September 2017,4.8837
Tuesday 26 September 2017,4.9006
Monday 25 September 2017,4.9002
Sunday 24 September 2017,4.8912
Saturday 23 September 2017,4.8981
Friday 22 September 2017,4.8981
Thursday 21 September 2017,4.881
Wednesday 20 September 2017,4.8735
Tuesday 19 September 2017,4.8889
Monday 18 September 2017,4.8782
Sunday 17 September 2017,4.87
Saturday 16 September 2017,4.8702
Friday 15 September 2017,4.8702
Thursday 14 September 2017,4.8689
Wednesday 13 September 2017,4.8455
Tuesday 12 September 2017,4.8502
Monday 11 September 2017,4.8511
Sunday 10 September 2017,4.8288
Saturday 9 September 2017,4.8308
Friday 8 September 2017,4.8308
Thursday 7 September 2017,4.8391
Wednesday 6 September 2017,4.8326
Tuesday 5 September 2017,4.8307
Monday 4 September 2017,4.8135
Sunday 3 September 2017,4.8315
Saturday 2 September 2017,4.8373
Friday 1 September 2017,4.8373
Thursday 31 August 2017,4.8591
Wednesday 30 August 2017,4.858
Tuesday 29 August 2017,4.8699
Monday 28 August 2017,4.875
Sunday 27 August 2017,4.9049
Saturday 26 August 2017,4.905
Friday 25 August 2017,4.905
Thursday 24 August 2017,4.8923
Wednesday 23 August 2017,4.8944
Tuesday 22 August 2017,4.8896
Monday 21 August 2017,4.898
Sunday 20 August 2017,4.8917
Saturday 19 August 2017,4.8945
Friday 18 August 2017,4.8945
Thursday 17 August 2017,4.8858
Wednesday 16 August 2017,4.908
Tuesday 15 August 2017,4.8902
Monday 14 August 2017,4.8929
Sunday 13 August 2017,4.9003
Saturday 12 August 2017,4.8954
Friday 11 August 2017,4.8954
Thursday 10 August 2017,4.873
Wednesday 9 August 2017,4.8948
Tuesday 8 August 2017,4.92
Monday 7 August 2017,4.9318
Sunday 6 August 2017,4.9456
Saturday 5 August 2017,4.9442
Friday 4 August 2017,4.9442
Thursday 3 August 2017,4.9444
Wednesday 2 August 2017,4.9439
Tuesday 1 August 2017,4.9439
Monday 31 July 2017,4.96
Sunday 30 July 2017,4.9665
Saturday 29 July 2017,4.9657
Friday 28 July 2017,4.9657
Thursday 27 July 2017,4.9627
Wednesday 26 July 2017,4.9797
Tuesday 25 July 2017,4.9554
Monday 24 July 2017,4.9552
Sunday 23 July 2017,4.9666
Saturday 22 July 2017,4.9666
Friday 21 July 2017,4.9666
Thursday 20 July 2017,4.9455
Wednesday 19 July 2017,4.9335
Tuesday 18 July 2017,4.9349
Monday 17 July 2017,4.9389
Sunday 16 July 2017,4.94
Saturday 15 July 2017,4.9394
Friday 14 July 2017,4.9394
Thursday 13 July 2017,4.9326
Wednesday 12 July 2017,4.9261
Tuesday 11 July 2017,4.9234
Monday 10 July 2017,4.9129
Sunday 9 July 2017,4.9226
Saturday 8 July 2017,4.9246
Friday 7 July 2017,4.9246
Thursday 6 July 2017,4.9194
Wednesday 5 July 2017,4.9279
Tuesday 4 July 2017,4.919
Monday 3 July 2017,4.919
Sunday 2 July 2017,4.926
Saturday 1 July 2017,4.927
Friday 30 June 2017,4.927
Thursday 29 June 2017,4.9217
Wednesday 28 June 2017,4.9198
Tuesday 27 June 2017,4.9136
Monday 26 June 2017,4.9251
Sunday 25 June 2017,4.9282
Saturday 24 June 2017,4.9276
Friday 23 June 2017,4.9276
Thursday 22 June 2017,4.9161
Wednesday 21 June 2017,4.916
Tuesday 20 June 2017,4.916
Monday 19 June 2017,4.9144
Sunday 18 June 2017,4.922
Saturday 17 June 2017,4.9244
Friday 16 June 2017,4.9244
Thursday 15 June 2017,4.9215
Wednesday 14 June 2017,4.9362
Tuesday 13 June 2017,4.9208
Monday 12 June 2017,4.9111
Sunday 11 June 2017,4.9093
Saturday 10 June 2017,4.9102
Friday 9 June 2017,4.9102
Thursday 8 June 2017,4.9205
Wednesday 7 June 2017,4.916
Tuesday 6 June 2017,4.9278
Monday 5 June 2017,4.9245
Sunday 4 June 2017,4.931
Saturday 3 June 2017,4.9336
Friday 2 June 2017,4.9336
Thursday 1 June 2017,4.9105
Wednesday 31 May 2017,4.9215
Tuesday 30 May 2017,4.9464
Monday 29 May 2017,4.9425
Sunday 28 May 2017,4.9581
Saturday 27 May 2017,4.9614
Friday 26 May 2017,4.9614
Thursday 25 May 2017,4.9538
Wednesday 24 May 2017,4.9763
Tuesday 23 May 2017,4.9564
Monday 22 May 2017,4.9662
Sunday 21 May 2017,4.9672
Saturday 20 May 2017,4.9675
Friday 19 May 2017,4.9675
Thursday 18 May 2017,4.9455
Wednesday 17 May 2017,4.9495
Tuesday 16 May 2017,4.9388
Monday 15 May 2017,4.9317
Sunday 14 May 2017,4.9139
Saturday 13 May 2017,4.914
Friday 12 May 2017,4.914
Thursday 11 May 2017,4.9036
Wednesday 10 May 2017,4.8893
Tuesday 9 May 2017,4.8985
Monday 8 May 2017,4.9109
Sunday 7 May 2017,4.9114
Saturday 6 May 2017,4.9139
Friday 5 May 2017,4.9139
Thursday 4 May 2017,4.9236
Wednesday 3 May 2017,4.9379
Tuesday 2 May 2017,4.9492
Monday 1 May 2017,4.9366
Sunday 30 April 2017,4.9337
Saturday 29 April 2017,4.9341
Friday 28 April 2017,4.9341
Thursday 27 April 2017,4.9399
Wednesday 26 April 2017,4.9386
Tuesday 25 April 2017,4.9394
Monday 24 April 2017,4.9442
Sunday 23 April 2017,4.9419
Saturday 22 April 2017,4.9295
Friday 21 April 2017,4.9295
Thursday 20 April 2017,4.9226
Wednesday 19 April 2017,4.9279
Tuesday 18 April 2017,4.9312
Monday 17 April 2017,4.9221
Sunday 16 April 2017,4.9286
Saturday 15 April 2017,4.926
Friday 14 April 2017,4.926
Thursday 13 April 2017,4.9277
Wednesday 12 April 2017,4.9351
Tuesday 11 April 2017,4.911
Monday 10 April 2017,4.9158
Sunday 9 April 2017,4.9094
Saturday 8 April 2017,4.9116
Friday 7 April 2017,4.9116
Thursday 6 April 2017,4.9185
Wednesday 5 April 2017,4.9252
Tuesday 4 April 2017,4.9263
Monday 3 April 2017,4.93
Sunday 2 April 2017,4.9296
Sunday 2 April 2017,4.9296
Saturday 1 April 2017,4.9283
Friday 31 March 2017,4.9283
Thursday 30 March 2017,4.9283
Wednesday 29 March 2017,4.9418
Wednesday 29 March 2017,4.9418
Tuesday 28 March 2017,4.9302
Monday 27 March 2017,4.9308
Sunday 26 March 2017,4.9312
Saturday 25 March 2017,4.9212
Friday 24 March 2017,4.9212
Thursday 23 March 2017,4.9196
Wednesday 22 March 2017,4.9182
Wednesday 22 March 2017,4.9182
Tuesday 21 March 2017,4.9176
Monday 20 March 2017,4.9448
Sunday 19 March 2017,4.9254
Saturday 18 March 2017,4.9239
Friday 17 March 2017,4.9239
Thursday 16 March 2017,4.9222
Wednesday 15 March 2017,4.9332
Tuesday 14 March 2017,4.8861
Monday 13 March 2017,4.8849
Sunday 12 March 2017,4.8919
Saturday 11 March 2017,4.8908
Friday 10 March 2017,4.8908
Thursday 9 March 2017,4.8629
Wednesday 8 March 2017,4.8774
Tuesday 7 March 2017,4.8933
Monday 6 March 2017,4.8828
Sunday 5 March 2017,4.894
Saturday 4 March 2017,4.8889
Friday 3 March 2017,4.8889
Thursday 2 March 2017,4.8785
Wednesday 1 March 2017,4.8729
Tuesday 28 February 2017,4.8826
Monday 27 February 2017,4.8891
Sunday 26 February 2017,4.8866
Saturday 25 February 2017,4.8889
Friday 24 February 2017,4.8889
Thursday 23 February 2017,4.8764
Wednesday 22 February 2017,4.8626
Tuesday 21 February 2017,4.8468
Monday 20 February 2017,4.8478
Sunday 19 February 2017,4.8407
Saturday 18 February 2017,4.8391
Friday 17 February 2017,4.8391
Thursday 16 February 2017,4.8379
Wednesday 15 February 2017,4.8447
Tuesday 14 February 2017,4.8358
Monday 13 February 2017,4.8349
Sunday 12 February 2017,4.8327
Saturday 11 February 2017,4.8431
Friday 10 February 2017,4.8431
Thursday 9 February 2017,4.831
Wednesday 8 February 2017,4.8515
Tuesday 7 February 2017,4.8528
Monday 6 February 2017,4.8661
Sunday 5 February 2017,4.8792
Saturday 4 February 2017,4.8716
Friday 3 February 2017,4.8716
Thursday 2 February 2017,4.8738
Wednesday 1 February 2017,4.8691
Tuesday 31 January 2017,4.882
Monday 30 January 2017,4.8447
Sunday 29 January 2017,4.8176
Saturday 28 January 2017,4.8063
Friday 27 January 2017,4.8063
Thursday 26 January 2017,4.8241
Wednesday 25 January 2017,4.8705
Tuesday 24 January 2017,4.8265
Monday 23 January 2017,4.8337
Sunday 22 January 2017,4.8404
Saturday 21 January 2017,4.8209
Friday 20 January 2017,4.8209
Thursday 19 January 2017,4.8191
Wednesday 18 January 2017,4.7845
Tuesday 17 January 2017,4.8324
Monday 16 January 2017,4.826
Sunday 15 January 2017,4.8321
Saturday 14 January 2017,4.8321
Friday 13 January 2017,4.8321
Thursday 12 January 2017,4.8327
Wednesday 11 January 2017,4.8655
Tuesday 10 January 2017,4.8159
Monday 9 January 2017,4.835
Sunday 8 January 2017,4.8092
Saturday 7 January 2017,4.8096
Friday 6 January 2017,4.8096
Thursday 5 January 2017,4.8228
Wednesday 4 January 2017,4.8204
Tuesday 3 January 2017,4.8046
Monday 2 January 2017,4.7854
Sunday 1 January 2017,4.8013
Saturday 31 December 2016,4.8013
Friday 30 December 2016,4.8013
Thursday 29 December 2016,4.8085
Wednesday 28 December 2016,4.7977
Tuesday 27 December 2016,4.7958
Monday 26 December 2016,4.8003
Sunday 25 December 2016,4.8
Saturday 24 December 2016,4.7992
Friday 23 December 2016,4.7992
Thursday 22 December 2016,4.7932
Wednesday 21 December 2016,4.804
Tuesday 20 December 2016,4.812
Monday 19 December 2016,4.8024
Sunday 18 December 2016,4.8177
Saturday 17 December 2016,4.8159
Friday 16 December 2016,4.8159
Thursday 15 December 2016,4.8119
Wednesday 14 December 2016,4.8
Tuesday 13 December 2016,4.8446
Monday 12 December 2016,4.849
Sunday 11 December 2016,4.8245
Saturday 10 December 2016,4.8268
Friday 9 December 2016,4.8268
Thursday 8 December 2016,4.8346
Wednesday 7 December 2016,4.8569
Tuesday 6 December 2016,4.8453
Monday 5 December 2016,4.8483
Sunday 4 December 2016,4.8348
Saturday 3 December 2016,4.853
Friday 2 December 2016,4.853
Thursday 1 December 2016,4.8317
Wednesday 30 November 2016,4.801
Tuesday 29 November 2016,4.8406
Monday 28 November 2016,4.8551
Sunday 27 November 2016,4.8539
Saturday 26 November 2016,4.8467
Friday 25 November 2016,4.8467
Thursday 24 November 2016,4.8322
Wednesday 23 November 2016,4.831
Tuesday 22 November 2016,4.8408
Monday 21 November 2016,4.8465
Sunday 20 November 2016,4.8262
Saturday 19 November 2016,4.8294
Friday 18 November 2016,4.8294
Thursday 17 November 2016,4.8321
Wednesday 16 November 2016,4.8661
Tuesday 15 November 2016,4.8493
Monday 14 November 2016,4.8425
Sunday 13 November 2016,4.816
Saturday 12 November 2016,4.8223
Friday 11 November 2016,4.8223
Thursday 10 November 2016,4.8202
Wednesday 9 November 2016,4.8466
Tuesday 8 November 2016,4.8917
Monday 7 November 2016,4.8763
Sunday 6 November 2016,4.8737
Saturday 5 November 2016,4.8841
Friday 4 November 2016,4.8841
Thursday 3 November 2016,4.8864
Wednesday 2 November 2016,4.8803
Tuesday 1 November 2016,4.8714
Monday 31 October 2016,4.8688
Sunday 30 October 2016,4.8737
Saturday 29 October 2016,4.8701
Friday 28 October 2016,4.8701
Thursday 27 October 2016,4.8637
Wednesday 26 October 2016,4.8684
Tuesday 25 October 2016,4.8799
Monday 24 October 2016,4.8605
Sunday 23 October 2016,4.8564
Saturday 22 October 2016,4.8541
Friday 21 October 2016,4.8541
Thursday 20 October 2016,4.849
Wednesday 19 October 2016,4.8605
Tuesday 18 October 2016,4.8622
Monday 17 October 2016,4.8521
Monday 17 October 2016,4.8521
Sunday 16 October 2016,4.8385
Saturday 15 October 2016,4.8398
Friday 14 October 2016,4.8398
Thursday 13 October 2016,4.8696
Wednesday 12 October 2016,4.8546
Tuesday 11 October 2016,4.8776
Monday 10 October 2016,4.8778
Sunday 9 October 2016,4.8589
Saturday 8 October 2016,4.8585
Friday 7 October 2016,4.8585
Thursday 6 October 2016,4.8595
Wednesday 5 October 2016,4.8712
Tuesday 4 October 2016,4.8673
Monday 3 October 2016,4.8886
Sunday 2 October 2016,4.8924
Saturday 1 October 2016,4.8957
Friday 30 September 2016,4.8957
Thursday 29 September 2016,4.8861
Wednesday 28 September 2016,4.9114
Tuesday 27 September 2016,4.906
Monday 26 September 2016,4.9026
Sunday 25 September 2016,4.905
Saturday 24 September 2016,4.9053
Friday 23 September 2016,4.9053
Thursday 22 September 2016,4.9149
Wednesday 21 September 2016,4.9297
Tuesday 20 September 2016,4.9005
Monday 19 September 2016,4.8961
Sunday 18 September 2016,4.878
Saturday 17 September 2016,4.8779
Friday 16 September 2016,4.8779
Thursday 15 September 2016,4.9001
Wednesday 14 September 2016,4.8963
Tuesday 13 September 2016,4.8858
Monday 12 September 2016,4.9244
Sunday 11 September 2016,4.9101
Saturday 10 September 2016,4.9153
Friday 9 September 2016,4.9153
Thursday 8 September 2016,4.9329
Wednesday 7 September 2016,4.9476
Tuesday 6 September 2016,4.9531
Monday 5 September 2016,4.9195
Sunday 4 September 2016,4.9053
Saturday 3 September 2016,4.9052
Friday 2 September 2016,4.9052
Thursday 1 September 2016,4.9064
Wednesday 31 August 2016,4.8991
Tuesday 30 August 2016,4.8925
Monday 29 August 2016,4.9073
Sunday 28 August 2016,4.9036
Saturday 27 August 2016,4.9098
Friday 26 August 2016,4.9098
Thursday 25 August 2016,4.9214
Wednesday 24 August 2016,4.9165
Tuesday 23 August 2016,4.9133
Monday 22 August 2016,4.9231
Sunday 21 August 2016,4.939
Saturday 20 August 2016,4.9404
Friday 19 August 2016,4.9404
Thursday 18 August 2016,4.9503
Wednesday 17 August 2016,4.9435
Tuesday 16 August 2016,4.9454
Monday 15 August 2016,4.9436
Sunday 14 August 2016,4.9289
Saturday 13 August 2016,4.9315
Friday 12 August 2016,4.9315
Thursday 11 August 2016,4.934
Wednesday 10 August 2016,4.9515
Tuesday 9 August 2016,4.9516
Monday 8 August 2016,4.946
Sunday 7 August 2016,4.9403
Saturday 6 August 2016,4.942
Friday 5 August 2016,4.942
Thursday 4 August 2016,4.9472
Wednesday 3 August 2016,4.9443
Tuesday 2 August 2016,4.9448
Monday 1 August 2016,4.9502
Sunday 31 July 2016,4.9463
Saturday 30 July 2016,4.9541
Friday 29 July 2016,4.9541
Thursday 28 July 2016,4.9186
Wednesday 27 July 2016,4.9284
Tuesday 26 July 2016,4.9129
Monday 25 July 2016,4.9032
Sunday 24 July 2016,4.9144
Saturday 23 July 2016,4.9164
Friday 22 July 2016,4.9164
Thursday 21 July 2016,4.9277
Wednesday 20 July 2016,4.917
Tuesday 19 July 2016,4.949
Monday 18 July 2016,4.9711
Sunday 17 July 2016,4.967
Saturday 16 July 2016,4.9648
Friday 15 July 2016,4.9648
Thursday 14 July 2016,4.9764
Wednesday 13 July 2016,4.9648
Tuesday 12 July 2016,4.9661
Monday 11 July 2016,4.9567
Sunday 10 July 2016,4.9674
Saturday 9 July 2016,4.9718
Friday 8 July 2016,4.9718
Thursday 7 July 2016,4.9486
Wednesday 6 July 2016,4.9556
Tuesday 5 July 2016,4.9391
Monday 4 July 2016,4.9518
Sunday 3 July 2016,4.9434
Saturday 2 July 2016,4.9465
Friday 1 July 2016,4.9465
Thursday 30 June 2016,4.9316
Wednesday 29 June 2016,4.928
Tuesday 28 June 2016,4.9138
Monday 27 June 2016,4.8823
Sunday 26 June 2016,4.8874
Saturday 25 June 2016,4.8966
Friday 24 June 2016,4.8966
Thursday 23 June 2016,4.9071
Wednesday 22 June 2016,4.9195
Tuesday 21 June 2016,4.9082
Monday 20 June 2016,4.8967
Sunday 19 June 2016,4.8849
Saturday 18 June 2016,4.8816
Friday 17 June 2016,4.8816
Thursday 16 June 2016,4.8864
Wednesday 15 June 2016,4.8704
Tuesday 14 June 2016,4.8656
Monday 13 June 2016,4.8579
Sunday 12 June 2016,4.8217
Saturday 11 June 2016,4.8223
Friday 10 June 2016,4.8223
Thursday 9 June 2016,4.8487
Wednesday 8 June 2016,4.8761
Tuesday 7 June 2016,4.8596
Monday 6 June 2016,4.8403
Sunday 5 June 2016,4.8298
Saturday 4 June 2016,4.8377
Friday 3 June 2016,4.8377
Thursday 2 June 2016,4.7849
Wednesday 1 June 2016,4.7729
Tuesday 31 May 2016,4.7792
Monday 30 May 2016,4.7672
Sunday 29 May 2016,4.756
Saturday 28 May 2016,4.7574
Friday 27 May 2016,4.7574
Thursday 26 May 2016,4.7734
Wednesday 25 May 2016,4.7545
Tuesday 24 May 2016,4.7485
Monday 23 May 2016,4.7578
Sunday 22 May 2016,4.7426
Saturday 21 May 2016,4.7405
Friday 20 May 2016,4.7405
Thursday 19 May 2016,4.7451
Wednesday 18 May 2016,4.7331
Tuesday 17 May 2016,4.7606
Monday 16 May 2016,4.7613
Sunday 15 May 2016,4.7547
Saturday 14 May 2016,4.7601
Friday 13 May 2016,4.7601
Thursday 12 May 2016,4.7468
Wednesday 11 May 2016,4.7563
Tuesday 10 May 2016,4.7638
Monday 9 May 2016,4.7492
Sunday 8 May 2016,4.7784
Saturday 7 May 2016,4.7811
Friday 6 May 2016,4.7811
Thursday 5 May 2016,4.7871
Wednesday 4 May 2016,4.7864
Tuesday 3 May 2016,4.8021
Monday 2 May 2016,4.8275
Sunday 1 May 2016,4.8143
Saturday 30 April 2016,4.8167
Friday 29 April 2016,4.8167
Thursday 28 April 2016,4.8137
Wednesday 27 April 2016,4.8171
Tuesday 26 April 2016,4.8051
Monday 25 April 2016,4.8023
Sunday 24 April 2016,4.7953
Saturday 23 April 2016,4.7991
Friday 22 April 2016,4.7991
Thursday 21 April 2016,4.8025
Wednesday 20 April 2016,4.8127
Tuesday 19 April 2016,4.8274
Monday 18 April 2016,4.791
Sunday 17 April 2016,4.763
Saturday 16 April 2016,4.7698
Friday 15 April 2016,4.7698
Thursday 14 April 2016,4.7584
Wednesday 13 April 2016,4.7974
Tuesday 12 April 2016,4.8127
Monday 11 April 2016,4.8055
Sunday 10 April 2016,4.7944
Saturday 9 April 2016,4.7943
Friday 8 April 2016,4.7943
Thursday 7 April 2016,4.7783
Wednesday 6 April 2016,4.8106
Tuesday 5 April 2016,4.78
Monday 4 April 2016,4.7898
Sunday 3 April 2016,4.8005
Saturday 2 April 2016,4.7964
Friday 1 April 2016,4.7964
Thursday 31 March 2016,4.7839
Wednesday 30 March 2016,4.7837
Tuesday 29 March 2016,4.7998
Monday 28 March 2016,4.7493
Sunday 27 March 2016,4.7527
Saturday 26 March 2016,4.7488
Friday 25 March 2016,4.7488
Thursday 24 March 2016,4.7551
Wednesday 23 March 2016,4.7581
Tuesday 22 March 2016,4.7694
Monday 21 March 2016,4.7623
Sunday 20 March 2016,4.7653
Saturday 19 March 2016,4.7615
Friday 18 March 2016,4.7615
Thursday 17 March 2016,4.7913
Thursday 17 March 2016,4.7913
Wednesday 16 March 2016,4.7731
Tuesday 15 March 2016,4.7156
Monday 14 March 2016,4.7225
Sunday 13 March 2016,4.7279
Saturday 12 March 2016,4.7302
Friday 11 March 2016,4.7302
Thursday 10 March 2016,4.7137
Wednesday 9 March 2016,4.7121
Tuesday 8 March 2016,4.6933
Monday 7 March 2016,4.7231
Sunday 6 March 2016,4.7268
Saturday 5 March 2016,4.7341
Friday 4 March 2016,4.7341
Thursday 3 March 2016,4.7012
Wednesday 2 March 2016,4.6833
Tuesday 1 March 2016,4.6762
Monday 29 February 2016,4.6654
Sunday 28 February 2016,4.6422
Saturday 27 February 2016,4.6435
Friday 26 February 2016,4.6435
Thursday 25 February 2016,4.6627
Wednesday 24 February 2016,4.6498
Tuesday 23 February 2016,4.6355
Monday 22 February 2016,4.6601
Sunday 21 February 2016,4.6366
Saturday 20 February 2016,4.6413
Friday 19 February 2016,4.6413
Thursday 18 February 2016,4.6434
Wednesday 17 February 2016,4.6473
Tuesday 16 February 2016,4.6368
Monday 15 February 2016,4.6439
Sunday 14 February 2016,4.7062
Saturday 13 February 2016,4.7033
Friday 12 February 2016,4.7033
Thursday 11 February 2016,4.7301
Wednesday 10 February 2016,4.7243
Tuesday 9 February 2016,4.7033
Monday 8 February 2016,4.6732
Sunday 7 February 2016,4.6688
Saturday 6 February 2016,4.672
Friday 5 February 2016,4.672
Thursday 4 February 2016,4.6983
Wednesday 3 February 2016,4.6426
Tuesday 2 February 2016,4.6009
Monday 1 February 2016,4.6217
Sunday 31 January 2016,4.6169
Saturday 30 January 2016,4.6176
Friday 29 January 2016,4.6176
Thursday 28 January 2016,4.6063
Wednesday 27 January 2016,4.5914
Tuesday 26 January 2016,4.6141
Monday 25 January 2016,4.5952
Sunday 24 January 2016,4.6033
Saturday 23 January 2016,4.6009
Friday 22 January 2016,4.6009
Thursday 21 January 2016,4.591
Wednesday 20 January 2016,4.5785
Tuesday 19 January 2016,4.5772
Monday 18 January 2016,4.5727
Sunday 17 January 2016,4.574
Saturday 16 January 2016,4.5739
Friday 15 January 2016,4.5739
Thursday 14 January 2016,4.5873
Wednesday 13 January 2016,4.5712
Tuesday 12 January 2016,4.5716
Monday 11 January 2016,4.5783
Sunday 10 January 2016,4.569
Saturday 9 January 2016,4.5722
Friday 8 January 2016,4.5722
Thursday 7 January 2016,4.5999
Wednesday 6 January 2016,4.5659
Tuesday 5 January 2016,4.5729
Monday 4 January 2016,4.5819
Sunday 3 January 2016,4.5769
Saturday 2 January 2016,4.582
Friday 1 January 2016,4.582
Thursday 31 December 2015,4.582
Wednesday 30 December 2015,4.5875
Tuesday 29 December 2015,4.5913
Monday 28 December 2015,4.6107
Sunday 27 December 2015,4.6109
Saturday 26 December 2015,4.6098
Friday 25 December 2015,4.6098
Thursday 24 December 2015,4.6098
Wednesday 23 December 2015,4.611
Tuesday 22 December 2015,4.6138
Monday 21 December 2015,4.6041
Sunday 20 December 2015,4.589
Saturday 19 December 2015,4.5868
Friday 18 December 2015,4.5868
Thursday 17 December 2015,4.572
Thursday 17 December 2015,4.572
Wednesday 16 December 2015,4.5889
Tuesday 15 December 2015,4.5963
Monday 14 December 2015,4.5848
Sunday 13 December 2015,4.5677
Saturday 12 December 2015,4.5674
Friday 11 December 2015,4.5674
Thursday 10 December 2015,4.5868
Wednesday 9 December 2015,4.5767
Tuesday 8 December 2015,4.5576
Monday 7 December 2015,4.5554
Sunday 6 December 2015,4.5778
Saturday 5 December 2015,4.5793
Friday 4 December 2015,4.5793
Thursday 3 December 2015,4.5825
Wednesday 2 December 2015,4.5316
Tuesday 1 December 2015,4.5494
Monday 30 November 2015,4.5364
Monday 30 November 2015,4.5364
Sunday 29 November 2015,4.5241
Saturday 28 November 2015,4.5217
Friday 27 November 2015,4.5217
Thursday 26 November 2015,4.5385
Wednesday 25 November 2015,4.5485
Tuesday 24 November 2015,4.5334
Monday 23 November 2015,4.5072
Sunday 22 November 2015,4.5174
Saturday 21 November 2015,4.5207
Friday 20 November 2015,4.5207
Thursday 19 November 2015,4.5164
Wednesday 18 November 2015,4.4947
Tuesday 17 November 2015,4.4781
Monday 16 November 2015,4.4794
Sunday 15 November 2015,4.472
Saturday 14 November 2015,4.4754
Friday 13 November 2015,4.4754
Thursday 12 November 2015,4.4915
Wednesday 11 November 2015,4.4879
Tuesday 10 November 2015,4.4765
Monday 9 November 2015,4.4729
Sunday 8 November 2015,4.4695
Saturday 7 November 2015,4.4732
Friday 6 November 2015,4.4732
Thursday 5 November 2015,4.512
Wednesday 4 November 2015,4.5147
Tuesday 3 November 2015,4.5381
Monday 2 November 2015,4.5316
Sunday 1 November 2015,4.5121
Saturday 31 October 2015,4.5075
Friday 30 October 2015,4.5075
Thursday 29 October 2015,4.531
Wednesday 28 October 2015,4.534
Tuesday 27 October 2015,4.5485
Monday 26 October 2015,4.5639
Sunday 25 October 2015,4.5459
Saturday 24 October 2015,4.5421
Friday 23 October 2015,4.5421
Thursday 22 October 2015,4.559
Wednesday 21 October 2015,4.5572
Tuesday 20 October 2015,4.5645
Monday 19 October 2015,4.5781
Sunday 18 October 2015,4.5936
Saturday 17 October 2015,4.5894
Friday 16 October 2015,4.5894
Thursday 15 October 2015,4.5995
Wednesday 14 October 2015,4.6034
Tuesday 13 October 2015,4.5226
Monday 12 October 2015,4.5191
Sunday 11 October 2015,4.5462
Saturday 10 October 2015,4.55
Friday 9 October 2015,4.55
Thursday 8 October 2015,4.5229
Wednesday 7 October 2015,4.5019
Tuesday 6 October 2015,4.4741
Monday 5 October 2015,4.474
Sunday 4 October 2015,4.4376
Saturday 3 October 2015,4.4374
Friday 2 October 2015,4.4374
Thursday 1 October 2015,4.4436
Wednesday 30 September 2015,4.4652
Tuesday 29 September 2015,4.4568
Monday 28 September 2015,4.4569
Sunday 27 September 2015,4.4718
Saturday 26 September 2015,4.4727
Friday 25 September 2015,4.4727
Thursday 24 September 2015,4.4799
Wednesday 23 September 2015,4.476
Tuesday 22 September 2015,4.4982
Monday 21 September 2015,4.5164
Sunday 20 September 2015,4.5394
Saturday 19 September 2015,4.5492
Friday 18 September 2015,4.5492
Thursday 17 September 2015,4.5562
Wednesday 16 September 2015,4.5603
Tuesday 15 September 2015,4.5436
Monday 14 September 2015,4.5322
Sunday 13 September 2015,4.5139
Saturday 12 September 2015,4.5158
Friday 11 September 2015,4.5158
Thursday 10 September 2015,4.5138
Wednesday 9 September 2015,4.4943
Tuesday 8 September 2015,4.4912
Monday 7 September 2015,4.4597
Sunday 6 September 2015,4.4623
Saturday 5 September 2015,4.4619
Friday 4 September 2015,4.4619
Thursday 3 September 2015,4.4863
Wednesday 2 September 2015,4.4892
Tuesday 1 September 2015,4.5021
Monday 31 August 2015,4.5211
Sunday 30 August 2015,4.5304
Saturday 29 August 2015,4.5345
Friday 28 August 2015,4.5345
Thursday 27 August 2015,4.5788
Wednesday 26 August 2015,4.5609
Tuesday 25 August 2015,4.5659
Monday 24 August 2015,4.54
Sunday 23 August 2015,4.5292
Saturday 22 August 2015,4.5364
Friday 21 August 2015,4.5364
Thursday 20 August 2015,4.5521
Wednesday 19 August 2015,4.5588
Tuesday 18 August 2015,4.5508
Monday 17 August 2015,4.5427
Sunday 16 August 2015,4.5424
Saturday 15 August 2015,4.5446
Friday 14 August 2015,4.5446
Thursday 13 August 2015,4.5794
Wednesday 12 August 2015,4.564
Tuesday 11 August 2015,4.5112
Monday 10 August 2015,4.4975
Sunday 9 August 2015,4.4844
Saturday 8 August 2015,4.485
Friday 7 August 2015,4.485
Thursday 6 August 2015,4.488
Wednesday 5 August 2015,4.4872
Tuesday 4 August 2015,4.4946
Monday 3 August 2015,4.5067
Sunday 2 August 2015,4.5277
Saturday 1 August 2015,4.5251
Friday 31 July 2015,4.5251
Thursday 30 July 2015,4.5151
Wednesday 29 July 2015,4.5355
Tuesday 28 July 2015,4.5544
Monday 27 July 2015,4.5346
Sunday 26 July 2015,4.5249
Saturday 25 July 2015,4.527
Friday 24 July 2015,4.527
Thursday 23 July 2015,4.5355
Wednesday 22 July 2015,4.55
Tuesday 21 July 2015,4.5541
Monday 20 July 2015,4.5287
Sunday 19 July 2015,4.5395
Saturday 18 July 2015,4.5387
Friday 17 July 2015,4.5387
Thursday 16 July 2015,4.5451
Wednesday 15 July 2015,4.548
Tuesday 14 July 2015,4.5617
Monday 13 July 2015,4.5749
Sunday 12 July 2015,4.5952
Saturday 11 July 2015,4.5959
Friday 10 July 2015,4.5959
Thursday 9 July 2015,4.6004
Wednesday 8 July 2015,4.5989
Tuesday 7 July 2015,4.5826
Monday 6 July 2015,4.6034
Sunday 5 July 2015,4.5976
Saturday 4 July 2015,4.6107
Friday 3 July 2015,4.6107
Thursday 2 July 2015,4.6037
Wednesday 1 July 2015,4.5823
Tuesday 30 June 2015,4.6023
Monday 29 June 2015,4.6116
Sunday 28 June 2015,4.5839
Saturday 27 June 2015,4.6002
Friday 26 June 2015,4.6002
Thursday 25 June 2015,4.6247
Wednesday 24 June 2015,4.6198
Tuesday 23 June 2015,4.6299
Monday 22 June 2015,4.6491
Sunday 21 June 2015,4.6528
Saturday 20 June 2015,4.6555
Friday 19 June 2015,4.6555
Thursday 18 June 2015,4.6534
Wednesday 17 June 2015,4.6449
Tuesday 16 June 2015,4.6254
Monday 15 June 2015,4.6131
Sunday 14 June 2015,4.6168
Saturday 13 June 2015,4.6193
Friday 12 June 2015,4.6193
Thursday 11 June 2015,4.6132
Wednesday 10 June 2015,4.6235
Tuesday 9 June 2015,4.5922
Monday 8 June 2015,4.5848
Sunday 7 June 2015,4.5659
Saturday 6 June 2015,4.5693
Friday 5 June 2015,4.5693
Thursday 4 June 2015,4.5977
Wednesday 3 June 2015,4.613
Tuesday 2 June 2015,4.5965
Monday 1 June 2015,4.5704
Sunday 31 May 2015,4.5976
Saturday 30 May 2015,4.5999
Friday 29 May 2015,4.5999
Thursday 28 May 2015,4.6017
Wednesday 27 May 2015,4.5905
Tuesday 26 May 2015,4.5976
Monday 25 May 2015,4.624
Sunday 24 May 2015,4.6355
Saturday 23 May 2015,4.636
Friday 22 May 2015,4.636
Thursday 21 May 2015,4.6387
Wednesday 20 May 2015,4.6398
Tuesday 19 May 2015,4.6469
Monday 18 May 2015,4.6705
Sunday 17 May 2015,4.6974
Saturday 16 May 2015,4.6988
Friday 15 May 2015,4.6988
Thursday 14 May 2015,4.6954
Wednesday 13 May 2015,4.6851
Tuesday 12 May 2015,4.65
Monday 11 May 2015,4.6432
Sunday 10 May 2015,4.6661
Saturday 9 May 2015,4.6727
Friday 8 May 2015,4.6727
Thursday 7 May 2015,4.658
Wednesday 6 May 2015,4.6817
Tuesday 5 May 2015,4.6584
Monday 4 May 2015,4.6616
Sunday 3 May 2015,4.6646
Saturday 2 May 2015,4.6629
Friday 1 May 2015,4.6629
Thursday 30 April 2015,4.6843
Wednesday 29 April 2015,4.6896
Tuesday 28 April 2015,4.709
Monday 27 April 2015,4.6828
Sunday 26 April 2015,4.6476
Saturday 25 April 2015,4.6487
Friday 24 April 2015,4.6487
Thursday 23 April 2015,4.6165
Wednesday 22 April 2015,4.5952
Tuesday 21 April 2015,4.5886
Monday 20 April 2015,4.5996
Sunday 19 April 2015,4.6091
Saturday 18 April 2015,4.6032
Friday 17 April 2015,4.6032
Thursday 16 April 2015,4.5883
Wednesday 15 April 2015,4.5738
Tuesday 14 April 2015,4.5666
Monday 13 April 2015,4.531
Sunday 12 April 2015,4.5379
Saturday 11 April 2015,4.5376
Friday 10 April 2015,4.5376
Thursday 9 April 2015,4.5648
Wednesday 8 April 2015,4.5687
Tuesday 7 April 2015,4.5551
Monday 6 April 2015,4.5731
Sunday 5 April 2015,4.5894
Saturday 4 April 2015,4.5861
Friday 3 April 2015,4.5861
Thursday 2 April 2015,4.5646
Wednesday 1 April 2015,4.5463
Tuesday 31 March 2015,4.5152
Monday 30 March 2015,4.51
Sunday 29 March 2015,4.5357
Saturday 28 March 2015,4.5371
Friday 27 March 2015,4.5371
Thursday 26 March 2015,4.534
Wednesday 25 March 2015,4.5326
Tuesday 24 March 2015,4.5368
Monday 23 March 2015,4.5428
Sunday 22 March 2015,4.5029
Saturday 21 March 2015,4.5003
Friday 20 March 2015,4.5003
Thursday 19 March 2015,4.4688
Wednesday 18 March 2015,4.5207
Tuesday 17 March 2015,4.4998
Monday 16 March 2015,4.5071
Sunday 15 March 2015,4.4978
Saturday 14 March 2015,4.4947
Friday 13 March 2015,4.4947
Thursday 12 March 2015,4.5359
Wednesday 11 March 2015,4.5134
Tuesday 10 March 2015,4.5093
Monday 9 March 2015,4.5355
Sunday 8 March 2015,4.5424
Saturday 7 March 2015,4.5451
Friday 6 March 2015,4.5451
Thursday 5 March 2015,4.5705
Wednesday 4 March 2015,4.5868
Tuesday 3 March 2015,4.6061
Monday 2 March 2015,4.5916
Sunday 1 March 2015,4.5939
Saturday 28 February 2015,4.6007
Friday 27 February 2015,4.6007
Thursday 26 February 2015,4.6133
Wednesday 25 February 2015,4.6236
Tuesday 24 February 2015,4.6074
Monday 23 February 2015,4.6006
Sunday 22 February 2015,4.5979
Saturday 21 February 2015,4.5977
Friday 20 February 2015,4.5977
Thursday 19 February 2015,4.6034
Wednesday 18 February 2015,4.6093
Tuesday 17 February 2015,4.6123
Monday 16 February 2015,4.6034
Sunday 15 February 2015,4.6055
Saturday 14 February 2015,4.6037
Friday 13 February 2015,4.6037
Thursday 12 February 2015,4.6064
Wednesday 11 February 2015,4.5899
Tuesday 10 February 2015,4.6059
Monday 9 February 2015,4.6136
Sunday 8 February 2015,4.6134
Saturday 7 February 2015,4.615
Friday 6 February 2015,4.615
Thursday 5 February 2015,4.6496
Wednesday 4 February 2015,4.6334
Tuesday 3 February 2015,4.649
Monday 2 February 2015,4.6297
Sunday 1 February 2015,4.6219
Saturday 31 January 2015,4.6147
Friday 30 January 2015,4.6147
Friday 30 January 2015,4.6147
Thursday 29 January 2015,4.6172
Wednesday 28 January 2015,4.6155
Wednesday 28 January 2015,4.6155
Tuesday 27 January 2015,4.6613
Tuesday 27 January 2015,4.6613
Monday 26 January 2015,4.6536
Monday 26 January 2015,4.6536
Sunday 25 January 2015,4.6246
Sunday 25 January 2015,4.6246
Saturday 24 January 2015,4.6309
Saturday 24 January 2015,4.6309
Friday 23 January 2015,4.6309
Thursday 22 January 2015,4.6328
Wednesday 21 January 2015,4.6498
Wednesday 21 January 2015,4.6498
Tuesday 20 January 2015,4.6417
Monday 19 January 2015,4.6643
Monday 19 January 2015,4.6643
Sunday 18 January 2015,4.6767
Saturday 17 January 2015,4.6787
Saturday 17 January 2015,4.6787
Friday 16 January 2015,4.6787
Friday 16 January 2015,4.6787
Thursday 15 January 2015,4.6735
Thursday 15 January 2015,4.6735
Wednesday 14 January 2015,4.6439
Tuesday 13 January 2015,4.6473
Monday 12 January 2015,4.6456
Monday 12 January 2015,4.6456
Sunday 11 January 2015,4.6635
Saturday 10 January 2015,4.6562
Friday 9 January 2015,4.6562
Thursday 8 January 2015,4.6455
Wednesday 7 January 2015,4.6441
Tuesday 6 January 2015,4.6574
Monday 5 January 2015,4.6616
Monday 5 January 2015,4.6616
Sunday 4 January 2015,4.6501
Saturday 3 January 2015,4.6616
Friday 2 January 2015,4.6616
Thursday 1 January 2015,4.6867
Wednesday 31 December 2014,4.6877
Tuesday 30 December 2014,4.6925
Tuesday 30 December 2014,4.6925
Monday 29 December 2014,4.6989
Sunday 28 December 2014,4.6922
Sunday 28 December 2014,4.6922
Saturday 27 December 2014,4.6948
Friday 26 December 2014,4.6948
Thursday 25 December 2014,4.6976
Wednesday 24 December 2014,4.6941
Tuesday 23 December 2014,4.6971
Tuesday 23 December 2014,4.6971
Monday 22 December 2014,4.7138
Sunday 21 December 2014,4.7273
Saturday 20 December 2014,4.7303
Friday 19 December 2014,4.7303
Thursday 18 December 2014,4.7281
Wednesday 17 December 2014,4.7221
Tuesday 16 December 2014,4.7507
Tuesday 16 December 2014,4.7507
Monday 15 December 2014,4.72
Sunday 14 December 2014,4.7184
Saturday 13 December 2014,4.7087
Friday 12 December 2014,4.7087
Thursday 11 December 2014,4.7107
Wednesday 10 December 2014,4.7177
Tuesday 9 December 2014,4.7016
Monday 8 December 2014,4.6801
Sunday 7 December 2014,4.6512
Saturday 6 December 2014,4.6497
Friday 5 December 2014,4.6497
Thursday 4 December 2014,4.6908
Thursday 4 December 2014,4.6908
Wednesday 3 December 2014,4.6871
Tuesday 2 December 2014,4.6907
Monday 1 December 2014,4.7104
Monday 1 December 2014,4.7104
Sunday 30 November 2014,4.6994
Saturday 29 November 2014,4.7089
Friday 28 November 2014,4.7089
Thursday 27 November 2014,4.7216
Wednesday 26 November 2014,4.7289
Tuesday 25 November 2014,4.7217
Monday 24 November 2014,4.712
Monday 24 November 2014,4.712
Sunday 23 November 2014,4.7153
Saturday 22 November 2014,4.7128
Friday 21 November 2014,4.7128
Thursday 20 November 2014,4.7084
Wednesday 19 November 2014,4.6977
Tuesday 18 November 2014,4.7145
Monday 17 November 2014,4.7165
Sunday 16 November 2014,4.7185
Saturday 15 November 2014,4.7204
Friday 14 November 2014,4.7204
Thursday 13 November 2014,4.7384
Thursday 13 November 2014,4.7384
Wednesday 12 November 2014,4.7453
Tuesday 11 November 2014,4.7414
Monday 10 November 2014,4.7407
Monday 10 November 2014,4.7407
Sunday 9 November 2014,4.7516
Saturday 8 November 2014,4.7505
Friday 7 November 2014,4.7505
Thursday 6 November 2014,4.7168
Wednesday 5 November 2014,4.7253
Tuesday 4 November 2014,4.7464
Monday 3 November 2014,4.7414
Sunday 2 November 2014,4.7497
Saturday 1 November 2014,4.7545
Friday 31 October 2014,4.7545
Thursday 30 October 2014,4.7868
Wednesday 29 October 2014,4.7797
Tuesday 28 October 2014,4.8035
Monday 27 October 2014,4.7982
Monday 27 October 2014,4.7982
Sunday 26 October 2014,4.794
Sunday 26 October 2014,4.794
Saturday 25 October 2014,4.7963
Friday 24 October 2014,4.7963
Thursday 23 October 2014,4.7924
Thursday 23 October 2014,4.7924
Wednesday 22 October 2014,4.8054
Tuesday 21 October 2014,4.8147
Monday 20 October 2014,4.8229
Sunday 19 October 2014,4.8086
Saturday 18 October 2014,4.8015
Friday 17 October 2014,4.8015
Friday 17 October 2014,4.8015
Thursday 16 October 2014,4.8045
Wednesday 15 October 2014,4.8136
Tuesday 14 October 2014,4.8024
Monday 13 October 2014,4.8185
Sunday 12 October 2014,4.8109
Saturday 11 October 2014,4.8019
Friday 10 October 2014,4.8019
Thursday 9 October 2014,4.8236
Wednesday 8 October 2014,4.8203
Tuesday 7 October 2014,4.8138
Monday 6 October 2014,4.8111
Sunday 5 October 2014,4.791
Saturday 4 October 2014,4.787
Friday 3 October 2014,4.787
Thursday 2 October 2014,4.8248
Wednesday 1 October 2014,4.8246
Tuesday 30 September 2014,4.8113
Monday 29 September 2014,4.8271
Sunday 28 September 2014,4.806
Saturday 27 September 2014,4.8065
Friday 26 September 2014,4.8065
Thursday 25 September 2014,4.8331
Wednesday 24 September 2014,4.8426
Tuesday 23 September 2014,4.838
Monday 22 September 2014,4.8358
Sunday 21 September 2014,4.8529
Saturday 20 September 2014,4.8462
Friday 19 September 2014,4.8462
Thursday 18 September 2014,4.8479
Wednesday 17 September 2014,4.8402
Tuesday 16 September 2014,4.8734
Monday 15 September 2014,4.8578
Sunday 14 September 2014,4.8587
Saturday 13 September 2014,4.8617
Friday 12 September 2014,4.8617
Thursday 11 September 2014,4.8624
Wednesday 10 September 2014,4.8605
Tuesday 9 September 2014,4.8639
Monday 8 September 2014,4.8771
Sunday 7 September 2014,4.8972
Saturday 6 September 2014,4.8958
Friday 5 September 2014,4.8958
Thursday 4 September 2014,4.8888
Wednesday 3 September 2014,4.9075
Tuesday 2 September 2014,4.9064
Monday 1 September 2014,4.9142
Sunday 31 August 2014,4.9183
Saturday 30 August 2014,4.9198
Friday 29 August 2014,4.9198
Thursday 28 August 2014,4.9157
Wednesday 27 August 2014,4.9245
Tuesday 26 August 2014,4.9239
Monday 25 August 2014,4.922
Sunday 24 August 2014,4.9191
Saturday 23 August 2014,4.9236
Friday 22 August 2014,4.9236
Thursday 21 August 2014,4.9231
Wednesday 20 August 2014,4.9094
Tuesday 19 August 2014,4.9213
Monday 18 August 2014,4.9345
Sunday 17 August 2014,4.9385
Saturday 16 August 2014,4.9338
Friday 15 August 2014,4.9338
Thursday 14 August 2014,4.9371
Wednesday 13 August 2014,4.9257
Tuesday 12 August 2014,4.9245
Monday 11 August 2014,4.9231
Sunday 10 August 2014,4.919
Saturday 9 August 2014,4.9159
Friday 8 August 2014,4.9159
Thursday 7 August 2014,4.9212
Wednesday 6 August 2014,4.9364
Tuesday 5 August 2014,4.9439
Monday 4 August 2014,4.9583
Sunday 3 August 2014,4.9558
Saturday 2 August 2014,4.9568
Friday 1 August 2014,4.9568
Thursday 31 July 2014,4.9472
Wednesday 30 July 2014,4.9596
Tuesday 29 July 2014,4.9736
Monday 28 July 2014,4.9837
Sunday 27 July 2014,4.9873
Saturday 26 July 2014,4.985
Friday 25 July 2014,4.985
Thursday 24 July 2014,4.9923
Wednesday 23 July 2014,5.0097
Tuesday 22 July 2014,5.0014
Monday 21 July 2014,5.0092
Sunday 20 July 2014,5.001
Saturday 19 July 2014,5.0014
Friday 18 July 2014,5.0014
Thursday 17 July 2014,4.9878
Wednesday 16 July 2014,4.9931
Tuesday 15 July 2014,4.9908
Monday 14 July 2014,5
Sunday 13 July 2014,4.9984
Saturday 12 July 2014,4.9988
Friday 11 July 2014,4.9988
Thursday 10 July 2014,4.995
Wednesday 9 July 2014,4.9956
Tuesday 8 July 2014,4.9863
Monday 7 July 2014,4.9756
Sunday 6 July 2014,4.9799
Saturday 5 July 2014,4.9795
Friday 4 July 2014,4.9795
Thursday 3 July 2014,4.9807
Wednesday 2 July 2014,4.979
Tuesday 1 July 2014,4.9784
Monday 30 June 2014,4.9768
Sunday 29 June 2014,4.978
Saturday 28 June 2014,4.9755
Friday 27 June 2014,4.9755
Thursday 26 June 2014,4.9802
Wednesday 25 June 2014,4.9901
Tuesday 24 June 2014,4.9877
Monday 23 June 2014,4.9858
Sunday 22 June 2014,4.9825
Saturday 21 June 2014,4.9842
Friday 20 June 2014,4.9842
Thursday 19 June 2014,4.985
Wednesday 18 June 2014,4.9905
Tuesday 17 June 2014,4.9679
Monday 16 June 2014,4.9783
Sunday 15 June 2014,4.9635
Saturday 14 June 2014,4.963
Friday 13 June 2014,4.963
Thursday 12 June 2014,4.9825
Wednesday 11 June 2014,4.9812
Tuesday 10 June 2014,4.981
Monday 9 June 2014,4.992
Sunday 8 June 2014,4.9932
Saturday 7 June 2014,4.9933
Friday 6 June 2014,4.9933
Thursday 5 June 2014,4.9945
Wednesday 4 June 2014,4.9689
Tuesday 3 June 2014,4.9782
Monday 2 June 2014,4.9709
Sunday 1 June 2014,4.9826
Saturday 31 May 2014,4.9821
Friday 30 May 2014,4.9821
Thursday 29 May 2014,4.9731
Wednesday 28 May 2014,4.9806
Tuesday 27 May 2014,4.9743
Monday 26 May 2014,4.9785
Sunday 25 May 2014,4.978
Saturday 24 May 2014,4.9765
Friday 23 May 2014,4.9765
Thursday 22 May 2014,4.9824
Wednesday 21 May 2014,4.9828
Tuesday 20 May 2014,4.9786
Monday 19 May 2014,4.9868
Sunday 18 May 2014,4.9826
Saturday 17 May 2014,4.9817
Friday 16 May 2014,4.9817
Thursday 15 May 2014,4.9756
Wednesday 14 May 2014,4.9805
Tuesday 13 May 2014,4.9765
Monday 12 May 2014,4.9875
Sunday 11 May 2014,4.987
Saturday 10 May 2014,4.9869
Friday 9 May 2014,4.9869
Thursday 8 May 2014,4.9929
Wednesday 7 May 2014,4.9874
Tuesday 6 May 2014,4.9899
Monday 5 May 2014,4.9946
Sunday 4 May 2014,5.0018
Saturday 3 May 2014,4.995
Friday 2 May 2014,4.995
Thursday 1 May 2014,4.9961
Wednesday 30 April 2014,4.9931
Tuesday 29 April 2014,4.9817
Monday 28 April 2014,4.9774
Sunday 27 April 2014,4.9785
Saturday 26 April 2014,4.9767
Friday 25 April 2014,4.9767
Thursday 24 April 2014,4.9668
Wednesday 23 April 2014,4.9686
Tuesday 22 April 2014,4.9671
Monday 21 April 2014,4.9729
Sunday 20 April 2014,4.97
Saturday 19 April 2014,4.9695
Friday 18 April 2014,4.9695
Thursday 17 April 2014,4.9626
Wednesday 16 April 2014,4.9736
Tuesday 15 April 2014,4.9644
Monday 14 April 2014,4.9617
Sunday 13 April 2014,4.9752
Saturday 12 April 2014,4.9744
Friday 11 April 2014,4.9744
Thursday 10 April 2014,4.971
Wednesday 9 April 2014,4.9728
Tuesday 8 April 2014,4.9503
Monday 7 April 2014,4.9332
Sunday 6 April 2014,4.934
Saturday 5 April 2014,4.9353
Friday 4 April 2014,4.9353
Thursday 3 April 2014,4.9159
Wednesday 2 April 2014,4.9163
Tuesday 1 April 2014,4.9285
Monday 31 March 2014,4.9442
Sunday 30 March 2014,4.9339
Saturday 29 March 2014,4.9353
Friday 28 March 2014,4.9353
Thursday 27 March 2014,4.917
Wednesday 26 March 2014,4.8998
Tuesday 25 March 2014,4.8908
Monday 24 March 2014,4.8756
Sunday 23 March 2014,4.8871
Saturday 22 March 2014,4.8851
Friday 21 March 2014,4.8851
Thursday 20 March 2014,4.8757
Wednesday 19 March 2014,4.864
Tuesday 18 March 2014,4.8994
Monday 17 March 2014,4.8859
Sunday 16 March 2014,4.8597
Saturday 15 March 2014,4.8601
Friday 14 March 2014,4.8601
Thursday 13 March 2014,4.8435
Wednesday 12 March 2014,4.8495
Tuesday 11 March 2014,4.8432
Monday 10 March 2014,4.8408
Sunday 9 March 2014,4.8297
Saturday 8 March 2014,4.8279
Friday 7 March 2014,4.8279
Thursday 6 March 2014,4.8437
Wednesday 5 March 2014,4.8277
Tuesday 4 March 2014,4.8406
Monday 3 March 2014,4.8384
Sunday 2 March 2014,4.8411
Saturday 1 March 2014,4.8474
Friday 28 February 2014,4.8474
Thursday 27 February 2014,4.8465
Wednesday 26 February 2014,4.8369
Tuesday 25 February 2014,4.8436
Monday 24 February 2014,4.8292
Sunday 23 February 2014,4.8053
Saturday 22 February 2014,4.805
Friday 21 February 2014,4.805
Thursday 20 February 2014,4.8115
Wednesday 19 February 2014,4.8082
Tuesday 18 February 2014,4.8088
Monday 17 February 2014,4.8156
Sunday 16 February 2014,4.819
Saturday 15 February 2014,4.8183
Friday 14 February 2014,4.8183
Thursday 13 February 2014,4.7938
Wednesday 12 February 2014,4.7894
Tuesday 11 February 2014,4.7822
Monday 10 February 2014,4.7695
Sunday 9 February 2014,4.7809
Saturday 8 February 2014,4.7809
Friday 7 February 2014,4.7809
Thursday 6 February 2014,4.7783
Wednesday 5 February 2014,4.7801
Tuesday 4 February 2014,4.7783
Monday 3 February 2014,4.7523
Sunday 2 February 2014,4.7435
Saturday 1 February 2014,4.7476
Friday 31 January 2014,4.7476
Thursday 30 January 2014,4.7536
Wednesday 29 January 2014,4.744
Tuesday 28 January 2014,4.75
Monday 27 January 2014,4.7377
Sunday 26 January 2014,4.7292
Saturday 25 January 2014,4.7314
Friday 24 January 2014,4.7314
Thursday 23 January 2014,4.7304
Wednesday 22 January 2014,4.7298
Tuesday 21 January 2014,4.733
Monday 20 January 2014,4.7413
Sunday 19 January 2014,4.7433
Saturday 18 January 2014,4.7413
Friday 17 January 2014,4.7413
Thursday 16 January 2014,4.7595
Wednesday 15 January 2014,4.7487
Wednesday 15 January 2014,4.7487
Tuesday 14 January 2014,4.7612
Monday 13 January 2014,4.7762
Sunday 12 January 2014,4.7892
Sunday 12 January 2014,4.7892
Saturday 11 January 2014,4.7883
Friday 10 January 2014,4.7883
Friday 10 January 2014,4.7883
Thursday 9 January 2014,4.7651
Thursday 9 January 2014,4.7651
Wednesday 8 January 2014,4.7523
Tuesday 7 January 2014,4.7585
Monday 6 January 2014,4.7752
Sunday 5 January 2014,4.7771
Saturday 4 January 2014,4.7755
Saturday 4 January 2014,4.7755
Friday 3 January 2014,4.7755
Thursday 2 January 2014,4.7751
Wednesday 1 January 2014,4.7891
Tuesday 31 December 2013,4.7956
Monday 30 December 2013,4.7827
Sunday 29 December 2013,4.7797
Saturday 28 December 2013,4.7834
Friday 27 December 2013,4.7834
Thursday 26 December 2013,4.7832
Wednesday 25 December 2013,4.7896
Wednesday 25 December 2013,4.7896
Tuesday 24 December 2013,4.7858
Monday 23 December 2013,4.7894
Sunday 22 December 2013,4.794
Saturday 21 December 2013,4.7952
Friday 20 December 2013,4.7952
Thursday 19 December 2013,4.7943
Wednesday 18 December 2013,4.8125
Tuesday 17 December 2013,4.8285
Monday 16 December 2013,4.8352
Monday 16 December 2013,4.8352
Sunday 15 December 2013,4.8356
Saturday 14 December 2013,4.8367
Friday 13 December 2013,4.8367
Thursday 12 December 2013,4.8312
Thursday 12 December 2013,4.8312
Wednesday 11 December 2013,4.8502
Tuesday 10 December 2013,4.8615
Monday 9 December 2013,4.8606
Sunday 8 December 2013,4.861
Saturday 7 December 2013,4.8681
Friday 6 December 2013,4.8681
Thursday 5 December 2013,4.8599
Wednesday 4 December 2013,4.8542
Tuesday 3 December 2013,4.8604
Monday 2 December 2013,4.8507
Sunday 1 December 2013,4.8555
Saturday 30 November 2013,4.8552
Friday 29 November 2013,4.8552
Thursday 28 November 2013,4.8514
Wednesday 27 November 2013,4.8535
Wednesday 27 November 2013,4.8535
Tuesday 26 November 2013,4.869
Tuesday 26 November 2013,4.869
Monday 25 November 2013,4.8755
Monday 25 November 2013,4.8755
Sunday 24 November 2013,4.8738
Saturday 23 November 2013,4.875
Friday 22 November 2013,4.875
Thursday 21 November 2013,4.873
Thursday 21 November 2013,4.873
Wednesday 20 November 2013,4.8881
Tuesday 19 November 2013,4.9031
Monday 18 November 2013,4.8865
Sunday 17 November 2013,4.8871
Sunday 17 November 2013,4.8871
Saturday 16 November 2013,4.8878
Friday 15 November 2013,4.8878
Thursday 14 November 2013,4.8854
Wednesday 13 November 2013,4.8919
Tuesday 12 November 2013,4.877
Monday 11 November 2013,4.8776
Sunday 10 November 2013,4.8809
Sunday 10 November 2013,4.8809
Saturday 9 November 2013,4.8854
Friday 8 November 2013,4.8854
Thursday 7 November 2013,4.893
Wednesday 6 November 2013,4.9024
Tuesday 5 November 2013,4.9035
Tuesday 5 November 2013,4.9035
Monday 4 November 2013,4.909
Sunday 3 November 2013,4.9057
Sunday 3 November 2013,4.9057
Saturday 2 November 2013,4.9072
Friday 1 November 2013,4.9072
Thursday 31 October 2013,4.9074
Wednesday 30 October 2013,4.914
Tuesday 29 October 2013,4.9055
Monday 28 October 2013,4.9149
Sunday 27 October 2013,4.9235
Saturday 26 October 2013,4.9237
Saturday 26 October 2013,4.9237
Friday 25 October 2013,4.9237
Thursday 24 October 2013,4.9147
Wednesday 23 October 2013,4.91
Tuesday 22 October 2013,4.9307
Tuesday 22 October 2013,4.9307
Monday 21 October 2013,4.9052
Sunday 20 October 2013,4.922
Saturday 19 October 2013,4.9201
Saturday 19 October 2013,4.9201
Friday 18 October 2013,4.9201
Thursday 17 October 2013,4.9206
Wednesday 16 October 2013,4.9023
Tuesday 15 October 2013,4.9072
Monday 14 October 2013,4.9108
Sunday 13 October 2013,4.9125
Saturday 12 October 2013,4.9128
Friday 11 October 2013,4.9128
Friday 11 October 2013,4.9128
Thursday 10 October 2013,4.897
Wednesday 9 October 2013,4.8971
Tuesday 8 October 2013,4.9002
Monday 7 October 2013,4.9055
Sunday 6 October 2013,4.9065
Saturday 5 October 2013,4.9105
Friday 4 October 2013,4.9105
Thursday 3 October 2013,4.9045
Thursday 3 October 2013,4.9045
Wednesday 2 October 2013,4.9023
Wednesday 2 October 2013,4.9023
Tuesday 1 October 2013,4.8924
Monday 30 September 2013,4.8727
Sunday 29 September 2013,4.8664
Saturday 28 September 2013,4.8706
Friday 27 September 2013,4.8706
Friday 27 September 2013,4.8706
Thursday 26 September 2013,4.8755
Thursday 26 September 2013,4.8755
Wednesday 25 September 2013,4.878
Tuesday 24 September 2013,4.8762
Monday 23 September 2013,4.8948
Sunday 22 September 2013,4.8906
Saturday 21 September 2013,4.8919
Friday 20 September 2013,4.8919
Thursday 19 September 2013,4.9087
Wednesday 18 September 2013,4.9064
Tuesday 17 September 2013,4.86
Monday 16 September 2013,4.8491
Sunday 15 September 2013,4.8518
Saturday 14 September 2013,4.8189
Friday 13 September 2013,4.8189
Thursday 12 September 2013,4.8295
Thursday 12 September 2013,4.8295
Wednesday 11 September 2013,4.8327
Tuesday 10 September 2013,4.8243
Monday 9 September 2013,4.8233
Sunday 8 September 2013,4.8031
Saturday 7 September 2013,4.8045
Friday 6 September 2013,4.8045
Thursday 5 September 2013,4.7785
Wednesday 4 September 2013,4.8012
Tuesday 3 September 2013,4.7886
Monday 2 September 2013,4.8032
Sunday 1 September 2013,4.7967
Saturday 31 August 2013,4.7982
Friday 30 August 2013,4.7982
Thursday 29 August 2013,4.7973
Wednesday 28 August 2013,4.7979
Tuesday 27 August 2013,4.77
Monday 26 August 2013,4.7779
Sunday 25 August 2013,4.7852
Saturday 24 August 2013,4.7858
Friday 23 August 2013,4.7858
Thursday 22 August 2013,4.7734
Wednesday 21 August 2013,4.769
Tuesday 20 August 2013,4.8068
Monday 19 August 2013,4.7951
Sunday 18 August 2013,4.8124
Saturday 17 August 2013,4.8138
Friday 16 August 2013,4.8138
Thursday 15 August 2013,4.8163
Wednesday 14 August 2013,4.82
Tuesday 13 August 2013,4.8289
Monday 12 August 2013,4.8453
Sunday 11 August 2013,4.8652
Saturday 10 August 2013,4.8688
Friday 9 August 2013,4.8688
Thursday 8 August 2013,4.8564
Wednesday 7 August 2013,4.8298
Tuesday 6 August 2013,4.8338
Monday 5 August 2013,4.8281
Sunday 4 August 2013,4.8228
Saturday 3 August 2013,4.8205
Friday 2 August 2013,4.8205
Thursday 1 August 2013,4.8039
Wednesday 31 July 2013,4.8162
Tuesday 30 July 2013,4.8235
Monday 29 July 2013,4.8375
Sunday 28 July 2013,4.8523
Saturday 27 July 2013,4.8502
Friday 26 July 2013,4.8502
Thursday 25 July 2013,4.8534
Wednesday 24 July 2013,4.8356
Tuesday 23 July 2013,4.8562
Monday 22 July 2013,4.8699
Sunday 21 July 2013,4.853
Saturday 20 July 2013,4.8464
Friday 19 July 2013,4.8464
Thursday 18 July 2013,4.848
Wednesday 17 July 2013,4.8673
Tuesday 16 July 2013,4.8731
Monday 15 July 2013,4.8614
Sunday 14 July 2013,4.8634
Saturday 13 July 2013,4.8615
Friday 12 July 2013,4.8615
Thursday 11 July 2013,4.8703
Wednesday 10 July 2013,4.8576
Tuesday 9 July 2013,4.7957
Monday 8 July 2013,4.7952
Sunday 7 July 2013,4.7856
Saturday 6 July 2013,4.7851
Friday 5 July 2013,4.7851
Thursday 4 July 2013,4.8081
Wednesday 3 July 2013,4.815
Tuesday 2 July 2013,4.8233
Monday 1 July 2013,4.851
Sunday 30 June 2013,4.8363
Saturday 29 June 2013,4.8407
Friday 28 June 2013,4.8407
Thursday 27 June 2013,4.8531
Wednesday 26 June 2013,4.827
Tuesday 25 June 2013,4.837
Monday 24 June 2013,4.8188
Sunday 23 June 2013,4.8124
Saturday 22 June 2013,4.8062
Friday 21 June 2013,4.8062
Thursday 20 June 2013,4.8126
Wednesday 19 June 2013,4.8312
Tuesday 18 June 2013,4.8545
Monday 17 June 2013,4.8791
Sunday 16 June 2013,4.9054
Saturday 15 June 2013,4.8988
Friday 14 June 2013,4.8988
Thursday 13 June 2013,4.9096
Wednesday 12 June 2013,4.8849
Tuesday 11 June 2013,4.8949
Monday 10 June 2013,4.8733
Sunday 9 June 2013,4.8978
Saturday 8 June 2013,4.9112
Friday 7 June 2013,4.9112
Thursday 6 June 2013,4.9302
Wednesday 5 June 2013,4.8983
Tuesday 4 June 2013,4.8913
Monday 3 June 2013,4.8967
Sunday 2 June 2013,4.8619
Saturday 1 June 2013,4.852
Friday 31 May 2013,4.852
Thursday 30 May 2013,4.8735
Wednesday 29 May 2013,4.8401
Tuesday 28 May 2013,4.8186
Monday 27 May 2013,4.8536
Sunday 26 May 2013,4.8495
Saturday 25 May 2013,4.8499
Friday 24 May 2013,4.8499
Thursday 23 May 2013,4.8525
Wednesday 22 May 2013,4.839
Tuesday 21 May 2013,4.8714
Monday 20 May 2013,4.8964
Sunday 19 May 2013,4.8829
Saturday 18 May 2013,4.8768
Friday 17 May 2013,4.8768
Thursday 16 May 2013,4.9149
Wednesday 15 May 2013,4.9326
Tuesday 14 May 2013,4.9413
Monday 13 May 2013,4.9533
Sunday 12 May 2013,4.9493
Saturday 11 May 2013,4.961
Friday 10 May 2013,4.961
Thursday 9 May 2013,4.971
Wednesday 8 May 2013,5.0035
Tuesday 7 May 2013,4.9939
Monday 6 May 2013,5.0075
Sunday 5 May 2013,4.9911
Saturday 4 May 2013,4.9891
Friday 3 May 2013,4.9891
Thursday 2 May 2013,4.9843
Wednesday 1 May 2013,4.9995
Tuesday 30 April 2013,5.0047
Monday 29 April 2013,4.9965
Sunday 28 April 2013,4.9844
Saturday 27 April 2013,4.9866
Friday 26 April 2013,4.9866
Thursday 25 April 2013,4.9807
Wednesday 24 April 2013,4.9718
Tuesday 23 April 2013,4.9812
Monday 22 April 2013,4.9855
Sunday 21 April 2013,4.9943
Saturday 20 April 2013,4.9938
Friday 19 April 2013,4.9938
Thursday 18 April 2013,5.0007
Wednesday 17 April 2013,4.9948
Tuesday 16 April 2013,5.0071
Monday 15 April 2013,4.993
Sunday 14 April 2013,5.0032
Saturday 13 April 2013,5.0065
Friday 12 April 2013,5.0065
Thursday 11 April 2013,5.0096
Wednesday 10 April 2013,5.0021
Tuesday 9 April 2013,5.0035
Monday 8 April 2013,4.9942
Sunday 7 April 2013,4.9936
Saturday 6 April 2013,5.0002
Friday 5 April 2013,5.0002
Thursday 4 April 2013,5.001
Wednesday 3 April 2013,5.0063
Tuesday 2 April 2013,5.0021
Monday 1 April 2013,5.0085
Sunday 31 March 2013,5.0038
Saturday 30 March 2013,5.0073
Friday 29 March 2013,5.0073
Thursday 28 March 2013,5.0089
Wednesday 27 March 2013,5.0015
Tuesday 26 March 2013,5.0049
Monday 25 March 2013,4.9919
Sunday 24 March 2013,4.9831
Saturday 23 March 2013,4.9765
Friday 22 March 2013,4.9765
Thursday 21 March 2013,4.9746
Wednesday 20 March 2013,4.9654
Tuesday 19 March 2013,4.9667
Monday 18 March 2013,4.9753
Sunday 17 March 2013,4.9656
Saturday 16 March 2013,4.9804
Friday 15 March 2013,4.9804
Thursday 14 March 2013,4.9751
Wednesday 13 March 2013,4.9764
Tuesday 12 March 2013,4.9858
Monday 11 March 2013,4.9788
Sunday 10 March 2013,4.9774
Saturday 9 March 2013,4.9803
Friday 8 March 2013,4.9803
Thursday 7 March 2013,4.9957
Wednesday 6 March 2013,4.9819
Tuesday 5 March 2013,4.9969
Monday 4 March 2013,5.0006
Sunday 3 March 2013,5.0065
Saturday 2 March 2013,5.0163
Friday 1 March 2013,5.0163
Thursday 28 February 2013,5.0256
Wednesday 27 February 2013,5.0363
Tuesday 26 February 2013,5.029
Monday 25 February 2013,5.0285
Sunday 24 February 2013,5.0302
Saturday 23 February 2013,5.0386
Friday 22 February 2013,5.0386
Thursday 21 February 2013,5.0313
Wednesday 20 February 2013,5.0292
Tuesday 19 February 2013,5.0468
Monday 18 February 2013,5.0389
Sunday 17 February 2013,5.0339
Saturday 16 February 2013,5.038
Friday 15 February 2013,5.038
Thursday 14 February 2013,5.0453
Wednesday 13 February 2013,5.0442
Tuesday 12 February 2013,5.031
Monday 11 February 2013,5.0194
Sunday 10 February 2013,5.0353
Saturday 9 February 2013,5.0342
Friday 8 February 2013,5.0342
Thursday 7 February 2013,5.0277
Wednesday 6 February 2013,5.0286
Tuesday 5 February 2013,5.0359
Monday 4 February 2013,5.0306
Sunday 3 February 2013,5.0143
Saturday 2 February 2013,5.0143
Friday 1 February 2013,5.0143
Thursday 31 January 2013,5.0257
Wednesday 30 January 2013,5.0323
Tuesday 29 January 2013,5.0414
Monday 28 January 2013,5.0254
Sunday 27 January 2013,5.0316
Saturday 26 January 2013,5.0377
Friday 25 January 2013,5.0377
Thursday 24 January 2013,5.0526
Wednesday 23 January 2013,5.0674
Tuesday 22 January 2013,5.0675
Monday 21 January 2013,5.0628
Sunday 20 January 2013,5.0645
Saturday 19 January 2013,5.0625
Friday 18 January 2013,5.0625
Thursday 17 January 2013,5.0799
Wednesday 16 January 2013,5.0806
Tuesday 15 January 2013,5.0744
Monday 14 January 2013,5.075
Sunday 13 January 2013,5.0649
Saturday 12 January 2013,5.083
Friday 11 January 2013,5.0742
Thursday 10 January 2013,5.0899
Wednesday 9 January 2013,5.0683
Tuesday 8 January 2013,5.0674
Monday 7 January 2013,5.0682
Sunday 6 January 2013,5.0783
Saturday 5 January 2013,5.0758
Friday 4 January 2013,5.0758
Thursday 3 January 2013,5.0765
Wednesday 2 January 2013,5.1016
Tuesday 1 January 2013,5.1002
Monday 31 December 2012,5.0999
Sunday 30 December 2012,5.0949
Saturday 29 December 2012,5.0919
Friday 28 December 2012,5.0919
Thursday 27 December 2012,5.0988
Wednesday 26 December 2012,5.0946
Tuesday 25 December 2012,5.1022
Monday 24 December 2012,5.1033
Sunday 23 December 2012,5.11
Saturday 22 December 2012,5.1127
Friday 21 December 2012,5.1127
Thursday 20 December 2012,5.1223
Wednesday 19 December 2012,5.1153
Tuesday 18 December 2012,5.1253
Monday 17 December 2012,5.1164
Sunday 16 December 2012,5.1148
Saturday 15 December 2012,5.1191
Friday 14 December 2012,5.1191
Thursday 13 December 2012,5.1025
Wednesday 12 December 2012,5.1216
Tuesday 11 December 2012,5.117
Monday 10 December 2012,5.0976
Sunday 9 December 2012,5.1031
Saturday 8 December 2012,5.1029
Friday 7 December 2012,5.1029
Thursday 6 December 2012,5.1029
Wednesday 5 December 2012,5.1086
Tuesday 4 December 2012,5.1125
Monday 3 December 2012,5.1128
Sunday 2 December 2012,5.1027
Saturday 1 December 2012,5.1012
Friday 30 November 2012,5.1012
Thursday 29 November 2012,5.1004
Wednesday 28 November 2012,5.0932
Tuesday 27 November 2012,5.0892
Monday 26 November 2012,5.097
Sunday 25 November 2012,5.0961
Saturday 24 November 2012,5.0944
Friday 23 November 2012,5.0944
Thursday 22 November 2012,5.0851
Wednesday 21 November 2012,5.0885
Tuesday 20 November 2012,5.0905
Monday 19 November 2012,5.0903
Sunday 18 November 2012,5.0856
Saturday 17 November 2012,5.0803
Friday 16 November 2012,5.0803
Thursday 15 November 2012,5.0921
Wednesday 14 November 2012,5.087
Tuesday 13 November 2012,5.0914
Monday 12 November 2012,5.0945
Sunday 11 November 2012,5.1026
Saturday 10 November 2012,5.0998
Friday 9 November 2012,5.0998
Thursday 8 November 2012,5.0968
Wednesday 7 November 2012,5.1019
Tuesday 6 November 2012,5.1056
Monday 5 November 2012,5.1018
Sunday 4 November 2012,5.0972
Saturday 3 November 2012,5.0957
Friday 2 November 2012,5.0957
Thursday 1 November 2012,5.1127
Wednesday 31 October 2012,5.1115
Tuesday 30 October 2012,5.1174
Monday 29 October 2012,5.1118
Sunday 28 October 2012,5.1146
Saturday 27 October 2012,5.1191
Friday 26 October 2012,5.1191
Thursday 25 October 2012,5.1133
Wednesday 24 October 2012,5.1133
Tuesday 23 October 2012,5.0995
Monday 22 October 2012,5.1223
Sunday 21 October 2012,5.118
Saturday 20 October 2012,5.1194
Friday 19 October 2012,5.1194
Thursday 18 October 2012,5.1291
Wednesday 17 October 2012,5.1396
Tuesday 16 October 2012,5.14
Monday 15 October 2012,5.1311
Sunday 14 October 2012,5.1257
Saturday 13 October 2012,5.1269
Friday 12 October 2012,5.1269
Thursday 11 October 2012,5.1094
Wednesday 10 October 2012,5.1067
Tuesday 9 October 2012,5.1068
Monday 8 October 2012,5.1092
Sunday 7 October 2012,5.1126
Saturday 6 October 2012,5.1117
Friday 5 October 2012,5.1117
Thursday 4 October 2012,5.114
Wednesday 3 October 2012,5.1058
Tuesday 2 October 2012,5.1051
Monday 1 October 2012,5.1099
Sunday 30 September 2012,5.117
Saturday 29 September 2012,5.1204
Friday 28 September 2012,5.1204
Thursday 27 September 2012,5.1414
Wednesday 26 September 2012,5.1175
Tuesday 25 September 2012,5.1316
Monday 24 September 2012,5.1383
Sunday 23 September 2012,5.1488
Saturday 22 September 2012,5.148
Friday 21 September 2012,5.148
Thursday 20 September 2012,5.1486
Wednesday 19 September 2012,5.1549
Tuesday 18 September 2012,5.1536
Monday 17 September 2012,5.1598
Sunday 16 September 2012,5.1736
Saturday 15 September 2012,5.1753
Friday 14 September 2012,5.1753
Thursday 13 September 2012,5.1688
Wednesday 12 September 2012,5.1466
Tuesday 11 September 2012,5.1516
Monday 10 September 2012,5.1239
Sunday 9 September 2012,5.1356
Saturday 8 September 2012,5.1312
Friday 7 September 2012,5.1312
Thursday 6 September 2012,5.103
Wednesday 5 September 2012,5.0888
Tuesday 4 September 2012,5.0909
Monday 3 September 2012,5.091
Sunday 2 September 2012,5.0866
Saturday 1 September 2012,5.0878
Friday 31 August 2012,5.0878
Thursday 30 August 2012,5.0665
Wednesday 29 August 2012,5.0668
Tuesday 28 August 2012,5.0701
Monday 27 August 2012,5.0745
Sunday 26 August 2012,5.0818
Saturday 25 August 2012,5.0812
Friday 24 August 2012,5.0812
Thursday 23 August 2012,5.0924
Wednesday 22 August 2012,5.0913
Tuesday 21 August 2012,5.0849
Monday 20 August 2012,5.0761
Sunday 19 August 2012,5.0728
Saturday 18 August 2012,5.0722
Friday 17 August 2012,5.0722
Thursday 16 August 2012,5.0937
Wednesday 15 August 2012,5.0908
Tuesday 14 August 2012,5.1002
Monday 13 August 2012,5.1053
Sunday 12 August 2012,5.1102
Saturday 11 August 2012,5.1122
Friday 10 August 2012,5.1122
Thursday 9 August 2012,5.1096
Wednesday 8 August 2012,5.1088
Tuesday 7 August 2012,5.1256
Monday 6 August 2012,5.135
Sunday 5 August 2012,5.1313
Saturday 4 August 2012,5.1303
Friday 3 August 2012,5.1303
Thursday 2 August 2012,5.097
Wednesday 1 August 2012,5.1045
Tuesday 31 July 2012,5.1094
Monday 30 July 2012,5.1173
Sunday 29 July 2012,5.1161
Saturday 28 July 2012,5.1153
Friday 27 July 2012,5.1153
Thursday 26 July 2012,5.103
Wednesday 25 July 2012,5.0874
Tuesday 24 July 2012,5.0584
Monday 23 July 2012,5.0621
Sunday 22 July 2012,5.0675
Saturday 21 July 2012,5.074
Friday 20 July 2012,5.074
Thursday 19 July 2012,5.0831
Wednesday 18 July 2012,5.0645
Tuesday 17 July 2012,5.0543
Monday 16 July 2012,5.0454
Sunday 15 July 2012,5.0459
Saturday 14 July 2012,5.0433
Friday 13 July 2012,5.0433
Thursday 12 July 2012,5.0221
Wednesday 11 July 2012,5.04
Tuesday 10 July 2012,5.0169
Monday 9 July 2012,5.016
Sunday 8 July 2012,4.9996
Saturday 7 July 2012,5.0075
Friday 6 July 2012,5.0075
Thursday 5 July 2012,5.0271
Wednesday 4 July 2012,5.0095
Tuesday 3 July 2012,5.0297
Monday 2 July 2012,5.0081
Sunday 1 July 2012,5.0167
Saturday 30 June 2012,5.0212
Friday 29 June 2012,5.0212
Thursday 28 June 2012,4.9609
Wednesday 27 June 2012,4.9827
Tuesday 26 June 2012,4.9798
Monday 25 June 2012,4.966
Sunday 24 June 2012,4.9803
Saturday 23 June 2012,4.9889
Friday 22 June 2012,4.9889
Thursday 21 June 2012,4.9792
Wednesday 20 June 2012,5.0119
Tuesday 19 June 2012,5.018
Monday 18 June 2012,5.0077
Sunday 17 June 2012,5.01
Saturday 16 June 2012,5.01
Friday 15 June 2012,5.01
Thursday 14 June 2012,4.9835
Wednesday 13 June 2012,4.9719
Tuesday 12 June 2012,4.9715
Monday 11 June 2012,4.9509
Sunday 10 June 2012,4.9933
Saturday 9 June 2012,4.9645
Friday 8 June 2012,4.9645
Thursday 7 June 2012,4.9815
Wednesday 6 June 2012,4.9953
Tuesday 5 June 2012,4.9488
Monday 4 June 2012,4.9466
Sunday 3 June 2012,4.9279
Saturday 2 June 2012,4.9274
Friday 1 June 2012,4.9274
Thursday 31 May 2012,4.9438
Wednesday 30 May 2012,4.9331
Tuesday 29 May 2012,4.9634
Monday 28 May 2012,4.9682
Sunday 27 May 2012,4.9734
Saturday 26 May 2012,4.9503
Friday 25 May 2012,4.9503
Thursday 24 May 2012,4.9696
Wednesday 23 May 2012,4.9657
Tuesday 22 May 2012,4.9567
Monday 21 May 2012,4.9861
Sunday 20 May 2012,4.9642
Saturday 19 May 2012,4.9625
Friday 18 May 2012,4.9625
Thursday 17 May 2012,4.9721
Wednesday 16 May 2012,4.9881
Tuesday 15 May 2012,5.0074
Monday 14 May 2012,5.0247
Sunday 13 May 2012,5.0356
Saturday 12 May 2012,5.0372
Friday 11 May 2012,5.0372
Thursday 10 May 2012,5.0447
Wednesday 9 May 2012,5.0346
Tuesday 8 May 2012,5.0534
Monday 7 May 2012,5.0643
Sunday 6 May 2012,5.042
Saturday 5 May 2012,5.0668
Friday 4 May 2012,5.0668
Thursday 3 May 2012,5.0705
Wednesday 2 May 2012,5.0859
Tuesday 1 May 2012,5.1039
Monday 30 April 2012,5.1002
Sunday 29 April 2012,5.0986
Saturday 28 April 2012,5.0996
Friday 27 April 2012,5.0996
Thursday 26 April 2012,5.0772
Wednesday 25 April 2012,5.0717
Tuesday 24 April 2012,5.0636
Monday 23 April 2012,5.056
Sunday 22 April 2012,5.0512
Saturday 21 April 2012,5.0531
Friday 20 April 2012,5.0531
Thursday 19 April 2012,5.0397
Wednesday 18 April 2012,5.0377
Tuesday 17 April 2012,5.049
Monday 16 April 2012,5.054
Sunday 15 April 2012,5.0546
Saturday 14 April 2012,5.05
Friday 13 April 2012,5.05
Thursday 12 April 2012,5.0364
Wednesday 11 April 2012,5.015
Tuesday 10 April 2012,4.998
Monday 9 April 2012,5.0045
Sunday 8 April 2012,4.9991
Saturday 7 April 2012,5.002
Friday 6 April 2012,5.002
Thursday 5 April 2012,5.0114
Wednesday 4 April 2012,5.0036
Tuesday 3 April 2012,5.0156
Monday 2 April 2012,5.0255
Sunday 1 April 2012,5.0074
Saturday 31 March 2012,5.0074
Friday 30 March 2012,5.0074
Thursday 29 March 2012,5.0134
Wednesday 28 March 2012,5.0135
Tuesday 27 March 2012,5.016
Monday 26 March 2012,5.0234
Sunday 25 March 2012,5.0018
Saturday 24 March 2012,5.0002
Friday 23 March 2012,5.0002
Thursday 22 March 2012,4.9824
Wednesday 21 March 2012,5.0001
Tuesday 20 March 2012,5.0048
Monday 19 March 2012,5.0306
Sunday 18 March 2012,5.0293
Saturday 17 March 2012,5.027
Friday 16 March 2012,5.027
Thursday 15 March 2012,5.0058
Wednesday 14 March 2012,4.9898
Tuesday 13 March 2012,5.0264
Monday 12 March 2012,5.0336
Sunday 11 March 2012,5.0209
Saturday 10 March 2012,5.0312
Friday 9 March 2012,5.0312
Thursday 8 March 2012,5.0471
Wednesday 7 March 2012,5.0097
Tuesday 6 March 2012,4.9934
Monday 5 March 2012,5.0184
Sunday 4 March 2012,5.0223
Saturday 3 March 2012,5.03
Friday 2 March 2012,5.03
Thursday 1 March 2012,5.0474
Wednesday 29 February 2012,5.0292
Tuesday 28 February 2012,5.0479
Monday 27 February 2012,5.0218
Sunday 26 February 2012,5.0175
Saturday 25 February 2012,5.0155
Friday 24 February 2012,5.0155
Thursday 23 February 2012,5.0316
Wednesday 22 February 2012,5.0074
Tuesday 21 February 2012,5.0119
Monday 20 February 2012,5.0219
Sunday 19 February 2012,5.0378
Saturday 18 February 2012,5.0034
Friday 17 February 2012,5.0034
Thursday 16 February 2012,4.995
Wednesday 15 February 2012,4.9813
Tuesday 14 February 2012,4.9839
Monday 13 February 2012,5.003
Sunday 12 February 2012,5.0153
Saturday 11 February 2012,4.9945
Friday 10 February 2012,4.9945
Thursday 9 February 2012,5.0426
Wednesday 8 February 2012,5.0499
Tuesday 7 February 2012,5.0604
Monday 6 February 2012,5.0531
Sunday 5 February 2012,5.068
Saturday 4 February 2012,5.0744
Friday 3 February 2012,5.0744
Thursday 2 February 2012,5.0508
Wednesday 1 February 2012,5.0448
Tuesday 31 January 2012,5.0142
Monday 30 January 2012,5.0337
Sunday 29 January 2012,5.0607
Saturday 28 January 2012,5.0622
Friday 27 January 2012,5.0622
Thursday 26 January 2012,5.0325
Wednesday 25 January 2012,5.0265
Tuesday 24 January 2012,4.9991
Monday 23 January 2012,4.997
Sunday 22 January 2012,4.9747
Saturday 21 January 2012,4.9805
Friday 20 January 2012,4.9805
Thursday 19 January 2012,4.9652
Thursday 19 January 2012,4.9652
Thursday 19 January 2012,4.9652
Wednesday 18 January 2012,4.9423
Wednesday 18 January 2012,4.9423
Tuesday 17 January 2012,4.9155
Monday 16 January 2012,4.892
Sunday 15 January 2012,4.8761
Saturday 14 January 2012,4.8787
Friday 13 January 2012,4.8787
Friday 13 January 2012,4.8787
Thursday 12 January 2012,4.8999
Wednesday 11 January 2012,4.8928
Tuesday 10 January 2012,4.895
Monday 9 January 2012,4.8772
Sunday 8 January 2012,4.8663
Saturday 7 January 2012,4.8732
Friday 6 January 2012,4.8732
Thursday 5 January 2012,4.8782
Wednesday 4 January 2012,4.8855
Tuesday 3 January 2012,4.9014
Tuesday 3 January 2012,4.9014
Monday 2 January 2012,4.8539
Sunday 1 January 2012,4.8488
Saturday 31 December 2011,4.8547
Friday 30 December 2011,4.8554
Thursday 29 December 2011,4.8635
Thursday 29 December 2011,4.8635
Wednesday 28 December 2011,4.8622
Tuesday 27 December 2011,4.8763
Monday 26 December 2011,4.8909
Sunday 25 December 2011,4.899
Saturday 24 December 2011,4.8983
Friday 23 December 2011,4.8975
Thursday 22 December 2011,4.8992
Wednesday 21 December 2011,4.8918
Wednesday 21 December 2011,4.8918
Tuesday 20 December 2011,4.8874
Monday 19 December 2011,4.8452
Sunday 18 December 2011,4.8712
Saturday 17 December 2011,4.8596
Friday 16 December 2011,4.8596
Thursday 15 December 2011,4.8798
Wednesday 14 December 2011,4.8643
Tuesday 13 December 2011,4.8705
Monday 12 December 2011,4.8809
Sunday 11 December 2011,4.9194
Saturday 10 December 2011,4.9225
Friday 9 December 2011,4.9225
Thursday 8 December 2011,4.9168
Wednesday 7 December 2011,4.9565
Wednesday 7 December 2011,4.9565
Tuesday 6 December 2011,4.9597
Monday 5 December 2011,4.9607
Sunday 4 December 2011,4.9603
Saturday 3 December 2011,4.9499
Friday 2 December 2011,4.9499
Thursday 1 December 2011,4.9631
Wednesday 30 November 2011,4.9738
Tuesday 29 November 2011,4.9161
Monday 28 November 2011,4.9101
Sunday 27 November 2011,4.8969
Saturday 26 November 2011,4.8589
Friday 25 November 2011,4.8589
Thursday 24 November 2011,4.8593
Wednesday 23 November 2011,4.8523
Tuesday 22 November 2011,4.8918
Monday 21 November 2011,4.8789
Sunday 20 November 2011,4.8935
Saturday 19 November 2011,4.8949
Friday 18 November 2011,4.8949
Thursday 17 November 2011,4.8946
Wednesday 16 November 2011,4.8914
Wednesday 16 November 2011,4.8914
Tuesday 15 November 2011,4.9076
Monday 14 November 2011,4.9261
Sunday 13 November 2011,4.9685
Saturday 12 November 2011,4.9439
Friday 11 November 2011,4.9439
Thursday 10 November 2011,4.9172
Wednesday 9 November 2011,4.92
Tuesday 8 November 2011,5.0081
Monday 7 November 2011,5.0046
Sunday 6 November 2011,5.0039
Saturday 5 November 2011,5.0107
Friday 4 November 2011,5.0107
Thursday 3 November 2011,5.0263
Wednesday 2 November 2011,4.9667
Tuesday 1 November 2011,4.9661
Monday 31 October 2011,5.0698
Sunday 30 October 2011,5.1065
Saturday 29 October 2011,5.1159
Friday 28 October 2011,5.1159
Thursday 27 October 2011,5.1169
Wednesday 26 October 2011,5.0079
Tuesday 25 October 2011,5.03
Monday 24 October 2011,5.0438
Sunday 23 October 2011,5.0101
Saturday 22 October 2011,5.016
Friday 21 October 2011,5.016
Thursday 20 October 2011,5.0164
Wednesday 19 October 2011,5.0334
Tuesday 18 October 2011,5.0255
Monday 17 October 2011,5.0047
Sunday 16 October 2011,5.0411
Saturday 15 October 2011,5.0403
Friday 14 October 2011,5.0403
Thursday 13 October 2011,4.9962
Wednesday 12 October 2011,4.9802
Tuesday 11 October 2011,4.9687
Monday 10 October 2011,4.9748
Sunday 9 October 2011,4.9129
Saturday 8 October 2011,4.9117
Friday 7 October 2011,4.9117
Thursday 6 October 2011,4.905
Wednesday 5 October 2011,4.8995
Tuesday 4 October 2011,4.8776
Monday 3 October 2011,4.8475
Sunday 2 October 2011,4.8791
Saturday 1 October 2011,4.8755
Friday 30 September 2011,4.8755
Thursday 29 September 2011,4.9306
Wednesday 28 September 2011,4.9227
Tuesday 27 September 2011,4.9826
Monday 26 September 2011,4.9473
Sunday 25 September 2011,4.93
Saturday 24 September 2011,4.9229
Friday 23 September 2011,4.9229
Thursday 22 September 2011,4.8985
Wednesday 21 September 2011,4.9529
Tuesday 20 September 2011,5.0618
Monday 19 September 2011,5.049
Sunday 18 September 2011,5.1278
Saturday 17 September 2011,5.1441
Friday 16 September 2011,5.1441
Thursday 15 September 2011,5.1457
Wednesday 14 September 2011,5.1396
Tuesday 13 September 2011,5.1602
Monday 12 September 2011,5.1743
Sunday 11 September 2011,5.1921
Saturday 10 September 2011,5.201
Friday 9 September 2011,5.201
Thursday 8 September 2011,5.2568
Wednesday 7 September 2011,5.2921
Tuesday 6 September 2011,5.2781
Monday 5 September 2011,5.284
Sunday 4 September 2011,5.2954
Saturday 3 September 2011,5.3031
Friday 2 September 2011,5.3031
Thursday 1 September 2011,5.2982
Wednesday 31 August 2011,5.2975
Tuesday 30 August 2011,5.2887
Monday 29 August 2011,5.2964
Sunday 28 August 2011,5.308
Saturday 27 August 2011,5.3087
Friday 26 August 2011,5.3087
Thursday 25 August 2011,5.2775
Thursday 25 August 2011,5.2775
Wednesday 24 August 2011,5.296
Tuesday 23 August 2011,5.3138
Monday 22 August 2011,5.2938
Sunday 21 August 2011,5.2788
Saturday 20 August 2011,5.2818
Friday 19 August 2011,5.2818
Thursday 18 August 2011,5.2477
Wednesday 17 August 2011,5.3118
Tuesday 16 August 2011,5.3152
Monday 15 August 2011,5.3233
Sunday 14 August 2011,5.2856
Saturday 13 August 2011,5.2711
Friday 12 August 2011,5.2711
Thursday 11 August 2011,5.2719
Wednesday 10 August 2011,5.256
Tuesday 9 August 2011,5.3242
Monday 8 August 2011,5.2604
Sunday 7 August 2011,5.3016
Saturday 6 August 2011,5.2914
Friday 5 August 2011,5.2914
Thursday 4 August 2011,5.2446
Wednesday 3 August 2011,5.3376
Tuesday 2 August 2011,5.3267
Monday 1 August 2011,5.3529
Sunday 31 July 2011,5.3509
Saturday 30 July 2011,5.3467
Friday 29 July 2011,5.3467
Thursday 28 July 2011,5.3595
Wednesday 27 July 2011,5.35
Tuesday 26 July 2011,5.3505
Monday 25 July 2011,5.3394
Sunday 24 July 2011,5.336
Saturday 23 July 2011,5.3341
Friday 22 July 2011,5.3341
Thursday 21 July 2011,5.334
Wednesday 20 July 2011,5.3239
Tuesday 19 July 2011,5.318
Monday 18 July 2011,5.316
Sunday 17 July 2011,5.3008
Saturday 16 July 2011,5.2996
Friday 15 July 2011,5.2996
Thursday 14 July 2011,5.3076
Wednesday 13 July 2011,5.319
Tuesday 12 July 2011,5.2808
Monday 11 July 2011,5.2675
Sunday 10 July 2011,5.2871
Saturday 9 July 2011,5.2989
Friday 8 July 2011,5.2989
Thursday 7 July 2011,5.2872
Wednesday 6 July 2011,5.267
Tuesday 5 July 2011,5.2628
Monday 4 July 2011,5.2742
Sunday 3 July 2011,5.272
Saturday 2 July 2011,5.272
Friday 1 July 2011,5.272
Thursday 30 June 2011,5.2657
Wednesday 29 June 2011,5.2417
Tuesday 28 June 2011,5.2198
Monday 27 June 2011,5.224
Sunday 26 June 2011,5.2263
Saturday 25 June 2011,5.2268
Friday 24 June 2011,5.2268
Thursday 23 June 2011,5.236
Wednesday 22 June 2011,5.2351
Tuesday 21 June 2011,5.2429
Monday 20 June 2011,5.242
Sunday 19 June 2011,5.2429
Saturday 18 June 2011,5.243
Friday 17 June 2011,5.243
Thursday 16 June 2011,5.2223
Wednesday 15 June 2011,5.2377
Tuesday 14 June 2011,5.268
Monday 13 June 2011,5.2519
Sunday 12 June 2011,5.2412
Saturday 11 June 2011,5.2369
Friday 10 June 2011,5.2369
Thursday 9 June 2011,5.2659
Wednesday 8 June 2011,5.2554
Tuesday 7 June 2011,5.2841
Monday 6 June 2011,5.2648
Sunday 5 June 2011,5.2795
Saturday 4 June 2011,5.2716
Friday 3 June 2011,5.2716
Thursday 2 June 2011,5.2571
Wednesday 1 June 2011,5.2296
Tuesday 31 May 2011,5.2573
Monday 30 May 2011,5.256
Sunday 29 May 2011,5.2517
Saturday 28 May 2011,5.2531
Friday 27 May 2011,5.2531
Thursday 26 May 2011,5.2221
Wednesday 25 May 2011,5.2076
Tuesday 24 May 2011,5.2103
Monday 23 May 2011,5.2092
Sunday 22 May 2011,5.2328
Saturday 21 May 2011,5.2431
Friday 20 May 2011,5.2431
Thursday 19 May 2011,5.2578
Wednesday 18 May 2011,5.245
Tuesday 17 May 2011,5.2268
Monday 16 May 2011,5.2074
Sunday 15 May 2011,5.2122
Saturday 14 May 2011,5.2192
Friday 13 May 2011,5.2192
Thursday 12 May 2011,5.2464
Wednesday 11 May 2011,5.2556
Tuesday 10 May 2011,5.2721
Monday 9 May 2011,5.2738
Sunday 8 May 2011,5.2535
Saturday 7 May 2011,5.239
Friday 6 May 2011,5.239
Thursday 5 May 2011,5.2373
Wednesday 4 May 2011,5.2748
Tuesday 3 May 2011,5.2893
Monday 2 May 2011,5.306
Sunday 1 May 2011,5.303
Saturday 30 April 2011,5.3012
Friday 29 April 2011,5.3012
Thursday 28 April 2011,5.2981
Wednesday 27 April 2011,5.2963
Tuesday 26 April 2011,5.2982
Monday 25 April 2011,5.2857
Sunday 24 April 2011,5.2737
Saturday 23 April 2011,5.2692
Friday 22 April 2011,5.2692
Thursday 21 April 2011,5.2586
Wednesday 20 April 2011,5.2686
Tuesday 19 April 2011,5.2524
Monday 18 April 2011,5.23
Sunday 17 April 2011,5.2556
Saturday 16 April 2011,5.255
Friday 15 April 2011,5.255
Thursday 14 April 2011,5.2379
Wednesday 13 April 2011,5.2034
Tuesday 12 April 2011,5.2061
Monday 11 April 2011,5.2033
Sunday 10 April 2011,5.1984
Saturday 9 April 2011,5.1984
Friday 8 April 2011,5.1984
Thursday 7 April 2011,5.1906
Wednesday 6 April 2011,5.193
Tuesday 5 April 2011,5.1887
Monday 4 April 2011,5.1877
Sunday 3 April 2011,5.1956
Saturday 2 April 2011,5.1955
Friday 1 April 2011,5.1955
Thursday 31 March 2011,5.1925
Wednesday 30 March 2011,5.1975
Tuesday 29 March 2011,5.2025
Monday 28 March 2011,5.1967
Sunday 27 March 2011,5.1934
Saturday 26 March 2011,5.2003
Friday 25 March 2011,5.2003
Thursday 24 March 2011,5.2025
Wednesday 23 March 2011,5.1881
Tuesday 22 March 2011,5.1806
Monday 21 March 2011,5.1838
Sunday 20 March 2011,5.1592
Saturday 19 March 2011,5.1583
Friday 18 March 2011,5.1583
Thursday 17 March 2011,5.1433
Wednesday 16 March 2011,5.1136
Tuesday 15 March 2011,5.1463
Monday 14 March 2011,5.1822
Sunday 13 March 2011,5.1796
Saturday 12 March 2011,5.1867
Friday 11 March 2011,5.1867
Thursday 10 March 2011,5.1615
Wednesday 9 March 2011,5.1716
Tuesday 8 March 2011,5.1802
Monday 7 March 2011,5.1841
Sunday 6 March 2011,5.1826
Saturday 5 March 2011,5.1833
Friday 4 March 2011,5.1833
Thursday 3 March 2011,5.1844
Wednesday 2 March 2011,5.1781
Tuesday 1 March 2011,5.1589
Monday 28 February 2011,5.1695
Sunday 27 February 2011,5.1587
Saturday 26 February 2011,5.1652
Friday 25 February 2011,5.1652
Thursday 24 February 2011,5.156
Wednesday 23 February 2011,5.1489
Tuesday 22 February 2011,5.1376
Monday 21 February 2011,5.1471
Sunday 20 February 2011,5.1631
Saturday 19 February 2011,5.1607
Friday 18 February 2011,5.1607
Thursday 17 February 2011,5.1613
Wednesday 16 February 2011,5.1527
Tuesday 15 February 2011,5.1415
Monday 14 February 2011,5.1443
Sunday 13 February 2011,5.1375
Saturday 12 February 2011,5.1393
Friday 11 February 2011,5.1393
Thursday 10 February 2011,5.1502
Wednesday 9 February 2011,5.1776
Tuesday 8 February 2011,5.1507
Monday 7 February 2011,5.1511
Sunday 6 February 2011,5.1408
Saturday 5 February 2011,5.1433
Friday 4 February 2011,5.1433
Thursday 3 February 2011,5.1462
Wednesday 2 February 2011,5.1529
Tuesday 1 February 2011,5.1904
Monday 31 January 2011,5.1632
Sunday 30 January 2011,5.1132
Saturday 29 January 2011,5.1257
Friday 28 January 2011,5.1257
Thursday 27 January 2011,5.1447
Wednesday 26 January 2011,5.1491
Tuesday 25 January 2011,5.1432
Monday 24 January 2011,5.1382
Sunday 23 January 2011,5.1295
Saturday 22 January 2011,5.1286
Friday 21 January 2011,5.1286
Thursday 20 January 2011,5.1155
Wednesday 19 January 2011,5.1277
Tuesday 18 January 2011,5.1291
Monday 17 January 2011,5.1176
Sunday 16 January 2011,5.1175
Saturday 15 January 2011,5.1162
Friday 14 January 2011,5.1162
Thursday 13 January 2011,5.14
Wednesday 12 January 2011,5.1259
Tuesday 11 January 2011,5.1145
Monday 10 January 2011,5.1149
Sunday 9 January 2011,5.1154
Saturday 8 January 2011,5.1241
Friday 7 January 2011,5.1241
Thursday 6 January 2011,5.1092
Wednesday 5 January 2011,5.1227
Tuesday 4 January 2011,5.1329
Monday 3 January 2011,5.1269
Sunday 2 January 2011,5.1307
Saturday 1 January 2011,5.1307
Friday 31 December 2010,5.1307
Thursday 30 December 2010,5.1249
Wednesday 29 December 2010,5.1233
Tuesday 28 December 2010,5.0965
Monday 27 December 2010,5.1067
Sunday 26 December 2010,5.0898
Saturday 25 December 2010,5.0985
Friday 24 December 2010,5.0985
Thursday 23 December 2010,5.0929
Wednesday 22 December 2010,5.0904
Tuesday 21 December 2010,5.0684
Monday 20 December 2010,5.0693
Sunday 19 December 2010,5.0591
Saturday 18 December 2010,5.0657
Friday 17 December 2010,5.0695
Thursday 16 December 2010,5.0649
Wednesday 15 December 2010,5.0728
Tuesday 14 December 2010,5.113
Monday 13 December 2010,5.1007
Sunday 12 December 2010,5.0908
Saturday 11 December 2010,5.0918
Friday 10 December 2010,5.0842
Thursday 9 December 2010,5.0757
Wednesday 8 December 2010,5.0636
Tuesday 7 December 2010,5.0926
Monday 6 December 2010,5.0982
Sunday 5 December 2010,5.1135
Saturday 4 December 2010,5.1128
Friday 3 December 2010,5.1009
Thursday 2 December 2010,5.0861
Wednesday 1 December 2010,5.0723
Tuesday 30 November 2010,5.0487
Monday 29 November 2010,5.0509
Sunday 28 November 2010,5.0557
Saturday 27 November 2010,5.0544
Friday 26 November 2010,5.0589
Thursday 25 November 2010,5.0838
Wednesday 24 November 2010,5.0771
Tuesday 23 November 2010,5.075
Monday 22 November 2010,5.1244
Sunday 21 November 2010,5.1239
Saturday 20 November 2010,5.1246
Friday 19 November 2010,5.1196
Thursday 18 November 2010,5.1153
Wednesday 17 November 2010,5.0973
Tuesday 16 November 2010,5.102
Monday 15 November 2010,5.0996
Sunday 14 November 2010,5.1151
Saturday 13 November 2010,5.1154
Friday 12 November 2010,5.123
Thursday 11 November 2010,5.1441
Wednesday 10 November 2010,5.155
Tuesday 9 November 2010,5.1813
Monday 8 November 2010,5.1872
Sunday 7 November 2010,5.1842
Saturday 6 November 2010,5.1843
Friday 5 November 2010,5.191
Thursday 4 November 2010,5.2025
Wednesday 3 November 2010,5.192
Tuesday 2 November 2010,5.1904
Monday 1 November 2010,5.1808
Sunday 31 October 2010,5.0985
Saturday 30 October 2010,5.0985
Friday 29 October 2010,5.1428
Thursday 28 October 2010,5.1519
Wednesday 27 October 2010,5.1297
Tuesday 26 October 2010,5.1452
Monday 25 October 2010,5.1514
Sunday 24 October 2010,5.1382
Saturday 23 October 2010,5.1383
Friday 22 October 2010,5.1267
Thursday 21 October 2010,5.1194
Wednesday 20 October 2010,5.0929
Tuesday 19 October 2010,5.0934
Monday 18 October 2010,5.1119
Sunday 17 October 2010,5.1266
Saturday 16 October 2010,5.1138
Friday 15 October 2010,5.0799
Thursday 14 October 2010,5.089
Wednesday 13 October 2010,5.1122
Tuesday 12 October 2010,5.1082
Monday 11 October 2010,5.1116
Sunday 10 October 2010,5.1105
Saturday 9 October 2010,5.1106
Friday 8 October 2010,5.1073
Thursday 7 October 2010,5.127
Wednesday 6 October 2010,5.1191
Tuesday 5 October 2010,5.1057
Monday 4 October 2010,5.1648
Sunday 3 October 2010,5.1004
Saturday 2 October 2010,5.1004
Friday 1 October 2010,5.0961
Thursday 30 September 2010,5.0922
Wednesday 29 September 2010,5.2837
Tuesday 28 September 2010,5.0727
Monday 27 September 2010,5.0686
Sunday 26 September 2010,5.069
Saturday 25 September 2010,5.0674
Friday 24 September 2010,5.0619
Thursday 23 September 2010,5.0575
Wednesday 22 September 2010,5.0593
Tuesday 21 September 2010,5.0384
Monday 20 September 2010,5.0451
Sunday 19 September 2010,5.0418
Saturday 18 September 2010,5.0416
Friday 17 September 2010,5.0378
Thursday 16 September 2010,5.0373
Wednesday 15 September 2010,5.0512
Tuesday 14 September 2010,5.0602
Monday 13 September 2010,5.0527
Sunday 12 September 2010,5.0553
Saturday 11 September 2010,5.063
Friday 10 September 2010,5.0653
Thursday 9 September 2010,5.0638
Wednesday 8 September 2010,5.0519
Tuesday 7 September 2010,5.0449
Monday 6 September 2010,5.0537
Sunday 5 September 2010,5.0646
Saturday 4 September 2010,5.0624
Friday 3 September 2010,5.0566
Thursday 2 September 2010,5.059
Wednesday 1 September 2010,5.0443
Tuesday 31 August 2010,5.0252
Monday 30 August 2010,5.0271
Sunday 29 August 2010,5.0349
Saturday 28 August 2010,5.0315
Friday 27 August 2010,5.0242
Thursday 26 August 2010,5.0156
Wednesday 25 August 2010,5.0038
Tuesday 24 August 2010,5.0094
Monday 23 August 2010,5.0151
Sunday 22 August 2010,5.0131
Saturday 21 August 2010,5.013
Friday 20 August 2010,5.0131
Thursday 19 August 2010,5.0296
Wednesday 18 August 2010,5.0251
Tuesday 17 August 2010,5.0166
Monday 16 August 2010,4.9914
Sunday 15 August 2010,4.9945
Saturday 14 August 2010,4.9926
Friday 13 August 2010,4.9876
Thursday 12 August 2010,4.9809
Wednesday 11 August 2010,4.9912
Tuesday 10 August 2010,5.0138
Monday 9 August 2010,5.0271
Sunday 8 August 2010,5.0284
Saturday 7 August 2010,5.0287
Friday 6 August 2010,5.0171
Thursday 5 August 2010,5.0124
Wednesday 4 August 2010,5.0159
Tuesday 3 August 2010,5.0169
Monday 2 August 2010,5.008
Sunday 1 August 2010,4.9869
Saturday 31 July 2010,4.9871
Friday 30 July 2010,4.9846
Thursday 29 July 2010,4.972
Wednesday 28 July 2010,4.9699
Tuesday 27 July 2010,4.9828
Monday 26 July 2010,4.9683
Sunday 25 July 2010,4.9535
Saturday 24 July 2010,4.9538
Friday 23 July 2010,4.9424
Thursday 22 July 2010,4.9337
Wednesday 21 July 2010,4.939
Tuesday 20 July 2010,4.9371
Monday 19 July 2010,4.9211
Sunday 18 July 2010,4.9248
Saturday 17 July 2010,4.925
Friday 16 July 2010,4.926
Thursday 15 July 2010,4.9278
Wednesday 14 July 2010,4.9203
Tuesday 13 July 2010,4.9063
Monday 12 July 2010,4.9074
Sunday 11 July 2010,4.9156
Saturday 10 July 2010,4.9156
Friday 9 July 2010,4.9143
Thursday 8 July 2010,4.9047
Wednesday 7 July 2010,4.8344
Tuesday 6 July 2010,4.8734
Monday 5 July 2010,4.8687
Sunday 4 July 2010,4.873
Saturday 3 July 2010,4.8724
Friday 2 July 2010,4.8723
Thursday 1 July 2010,4.8529
Wednesday 30 June 2010,4.8534
Tuesday 29 June 2010,4.8729
Monday 28 June 2010,4.9087
Sunday 27 June 2010,4.8984
Saturday 26 June 2010,4.9006
Friday 25 June 2010,4.8868
Thursday 24 June 2010,4.896
Wednesday 23 June 2010,4.9013
Tuesday 22 June 2010,4.9366
Monday 21 June 2010,4.9526
Sunday 20 June 2010,4.9319
Saturday 19 June 2010,4.9317
Friday 18 June 2010,4.9277
Thursday 17 June 2010,4.9036
Wednesday 16 June 2010,4.9112
Tuesday 15 June 2010,4.8969
Monday 14 June 2010,4.8887
Sunday 13 June 2010,4.8833
Saturday 12 June 2010,4.8833
Friday 11 June 2010,4.8748
Thursday 10 June 2010,4.8458
Wednesday 9 June 2010,4.8326
Tuesday 8 June 2010,4.8262
Monday 7 June 2010,4.837
Sunday 6 June 2010,4.8323
Saturday 5 June 2010,4.8364
Friday 4 June 2010,4.8625
Thursday 3 June 2010,4.8639
Wednesday 2 June 2010,4.8468
Tuesday 1 June 2010,4.8508
Monday 31 May 2010,4.8687
Sunday 30 May 2010,4.8643
Saturday 29 May 2010,4.864
Friday 28 May 2010,4.8841
Thursday 27 May 2010,4.8585
Wednesday 26 May 2010,4.8208
Tuesday 25 May 2010,4.8294
Monday 24 May 2010,4.8561
Sunday 23 May 2010,4.8677
Saturday 22 May 2010,4.8625
Friday 21 May 2010,4.8407
Thursday 20 May 2010,4.8707
Wednesday 19 May 2010,4.8849
Tuesday 18 May 2010,4.9171
Monday 17 May 2010,4.9056
Sunday 16 May 2010,4.9205
Saturday 15 May 2010,4.9215
Friday 14 May 2010,4.9353
Thursday 13 May 2010,4.9491
Wednesday 12 May 2010,4.9513
Tuesday 11 May 2010,4.9446
Monday 10 May 2010,4.9319
Sunday 9 May 2010,4.8851
Saturday 8 May 2010,4.8792
Friday 7 May 2010,4.8778
Thursday 6 May 2010,4.8989
Wednesday 5 May 2010,4.9287
Tuesday 4 May 2010,4.9685
Monday 3 May 2010,4.9764
Sunday 2 May 2010,4.9845
Saturday 1 May 2010,4.9839
Friday 30 April 2010,4.9918
Thursday 29 April 2010,4.9815
Wednesday 28 April 2010,4.967
Tuesday 27 April 2010,4.9884
Monday 26 April 2010,4.9907
Sunday 25 April 2010,4.9852
Saturday 24 April 2010,4.9852
Friday 23 April 2010,4.9774
Thursday 22 April 2010,4.9768
Wednesday 21 April 2010,4.9742
Tuesday 20 April 2010,4.9633
Monday 19 April 2010,4.9513
Sunday 18 April 2010,4.9667
Saturday 17 April 2010,4.9666
Friday 16 April 2010,4.973
Thursday 15 April 2010,4.9713
Wednesday 14 April 2010,4.9563
Tuesday 13 April 2010,4.9027
Monday 12 April 2010,4.9105
Sunday 11 April 2010,4.9086
Saturday 10 April 2010,4.9101
Friday 9 April 2010,4.9013
Thursday 8 April 2010,4.8906
Wednesday 7 April 2010,4.8946
Tuesday 6 April 2010,4.8886
Monday 5 April 2010,4.8831
Sunday 4 April 2010,4.8747
Saturday 3 April 2010,4.8745
Friday 2 April 2010,4.8854
Thursday 1 April 2010,4.8856
Wednesday 31 March 2010,4.8797
Tuesday 30 March 2010,4.8796
Monday 29 March 2010,4.8759
Sunday 28 March 2010,4.8643
Saturday 27 March 2010,4.8645
Friday 26 March 2010,4.8592
Thursday 25 March 2010,4.8538
Wednesday 24 March 2010,4.8642
Tuesday 23 March 2010,4.8765
Monday 22 March 2010,4.8808
Sunday 21 March 2010,4.8858
Saturday 20 March 2010,4.8845
Friday 19 March 2010,4.8917
Thursday 18 March 2010,4.8983
Wednesday 17 March 2010,4.9005
Tuesday 16 March 2010,4.8902
Monday 15 March 2010,4.8857
Sunday 14 March 2010,4.8974
Saturday 13 March 2010,4.8972
Friday 12 March 2010,4.8943
Thursday 11 March 2010,4.8847
Wednesday 10 March 2010,4.8846
Tuesday 9 March 2010,4.8794
Monday 8 March 2010,4.8807
Sunday 7 March 2010,4.8776
Saturday 6 March 2010,4.871
Friday 5 March 2010,4.8774
Thursday 4 March 2010,4.8778
Wednesday 3 March 2010,4.8743
Tuesday 2 March 2010,4.8614
Monday 1 March 2010,4.8596
Sunday 28 February 2010,4.8552
Saturday 27 February 2010,4.8552
Friday 26 February 2010,4.8509
Thursday 25 February 2010,4.8466
Wednesday 24 February 2010,4.845
Tuesday 23 February 2010,4.8441
Monday 22 February 2010,4.8472
Sunday 21 February 2010,5.1578
Saturday 20 February 2010,5.1578
Friday 19 February 2010,4.8354
Thursday 18 February 2010,4.8534
Wednesday 17 February 2010,4.8681
Tuesday 16 February 2010,4.8582
Monday 15 February 2010,4.8426
Sunday 14 February 2010,4.8437
Saturday 13 February 2010,4.8437
Friday 12 February 2010,4.8378
Thursday 11 February 2010,4.8378
Wednesday 10 February 2010,4.8219
Tuesday 9 February 2010,4.8144
Monday 8 February 2010,4.8026
Sunday 7 February 2010,4.8048
Saturday 6 February 2010,4.801
Friday 5 February 2010,4.8059
Thursday 4 February 2010,4.8265
Wednesday 3 February 2010,4.8427
Tuesday 2 February 2010,4.8428
Monday 1 February 2010,4.8455
Sunday 31 January 2010,4.8533
Saturday 30 January 2010,4.8533
Friday 29 January 2010,4.8589
Thursday 28 January 2010,4.868
Wednesday 27 January 2010,4.8638
Tuesday 26 January 2010,4.8678
Monday 25 January 2010,4.8783
Sunday 24 January 2010,4.8647
Saturday 23 January 2010,4.8648
Friday 22 January 2010,4.8683
Thursday 21 January 2010,4.8722
Wednesday 20 January 2010,4.8874
Tuesday 19 January 2010,4.9157
Monday 18 January 2010,4.9156
Sunday 17 January 2010,4.9117
Saturday 16 January 2010,4.9117
Friday 15 January 2010,4.9138
Thursday 14 January 2010,4.9244
Wednesday 13 January 2010,4.9205
Tuesday 12 January 2010,4.9216
Monday 11 January 2010,4.9201
Sunday 10 January 2010,4.8982
Saturday 9 January 2010,4.8982
Friday 8 January 2010,4.8907
Thursday 7 January 2010,4.8918
Wednesday 6 January 2010,4.893
Tuesday 5 January 2010,4.8937
Monday 4 January 2010,4.8778
Sunday 3 January 2010,4.862
Saturday 2 January 2010,4.862
Friday 1 January 2010,4.862
Thursday 31 December 2009,4.8659
Wednesday 30 December 2009,4.8584
Tuesday 29 December 2009,4.8646
Monday 28 December 2009,4.8562
Sunday 27 December 2009,4.8518
Saturday 26 December 2009,4.8518
Friday 25 December 2009,4.8524
Thursday 24 December 2009,4.8555
Wednesday 23 December 2009,4.8457
Tuesday 22 December 2009,4.8574
Monday 21 December 2009,4.8637
Sunday 20 December 2009,4.8673
Saturday 19 December 2009,4.8674
Friday 18 December 2009,4.8707
Thursday 17 December 2009,4.8709
Wednesday 16 December 2009,4.8911
Tuesday 15 December 2009,4.9017
Monday 14 December 2009,4.9077
Sunday 13 December 2009,4.9092
Saturday 12 December 2009,4.9092
Friday 11 December 2009,4.9117
Thursday 10 December 2009,4.915
Wednesday 9 December 2009,4.9078
Tuesday 8 December 2009,4.9106
Monday 7 December 2009,4.9161
Sunday 6 December 2009,4.9184
Saturday 5 December 2009,4.9184
Friday 4 December 2009,4.9333
Thursday 3 December 2009,4.9485
Wednesday 2 December 2009,4.9476
Tuesday 1 December 2009,4.9422
Monday 30 November 2009,4.9352
Sunday 29 November 2009,4.9182
Saturday 28 November 2009,4.9183
Friday 27 November 2009,4.9205
Thursday 26 November 2009,4.9413
Wednesday 25 November 2009,4.9438
Tuesday 24 November 2009,4.9277
Monday 23 November 2009,4.9298
Sunday 22 November 2009,4.9193
Saturday 21 November 2009,4.9191
Friday 20 November 2009,4.9181
Thursday 19 November 2009,4.9187
Wednesday 18 November 2009,4.9334
Tuesday 17 November 2009,4.9281
Monday 16 November 2009,4.9291
Sunday 15 November 2009,4.9294
Saturday 14 November 2009,4.9296
Friday 13 November 2009,4.9221
Thursday 12 November 2009,4.9194
Wednesday 11 November 2009,4.924
Tuesday 10 November 2009,4.919
Monday 9 November 2009,4.9223
Sunday 8 November 2009,4.9048
Saturday 7 November 2009,4.9045
Friday 6 November 2009,4.9008
Thursday 5 November 2009,4.8901
Wednesday 4 November 2009,4.8842
Tuesday 3 November 2009,4.8768
Monday 2 November 2009,4.8791
Sunday 1 November 2009,4.8748
Saturday 31 October 2009,4.8748
Friday 30 October 2009,4.8838
Thursday 29 October 2009,4.8788
Wednesday 28 October 2009,4.8742
Tuesday 27 October 2009,4.8869
Monday 26 October 2009,4.8957
Sunday 25 October 2009,4.8995
Saturday 24 October 2009,4.8995
Friday 23 October 2009,4.9017
Thursday 22 October 2009,4.8969
Wednesday 21 October 2009,4.9015
Tuesday 20 October 2009,4.9037
Monday 19 October 2009,4.9037
Sunday 18 October 2009,4.9047
Saturday 17 October 2009,4.9044
Friday 16 October 2009,4.9051
Thursday 15 October 2009,4.9157
Wednesday 14 October 2009,4.905
Tuesday 13 October 2009,4.8871
Monday 12 October 2009,4.8791
Sunday 11 October 2009,4.8932
Saturday 10 October 2009,4.8926
Friday 9 October 2009,4.9039
Thursday 8 October 2009,4.9082
Wednesday 7 October 2009,4.8754
Tuesday 6 October 2009,4.8734
